Workbook

Sheet Tổng quan
A1: TỔNG HỢP 126 TRƯỜNG ĐẠI HỌC / HỌC VIỆN - MIỀN → TỈNH/TP → TRƯỜNG
A2: Bấm tên trường để mở sheet ngành đào tạo; dùng nút [+]/[-] bên trái để mở/thu gọn. Tỉnh/TP: cột A theo 34 tỉnh/TP mới (từ 1/7/2025), cột C là tên cũ (63 tỉnh/TP). Miền Trung gồm cả Tây Nguyên. Nguồn danh sách trường và link: file 126_truong_TrangChu_va_TrangTuyenSinh.docx.
A4: Miền / Tỉnh-TP / Trường | B4: Số trường | C4: Tỉnh/TP (cũ) | D4: Viết tắt | E4: Số ngành | F4: Trạng thái dữ liệu | G4: Trang chủ | H4: Trang tuyển sinh | I4: Ghi chú
A5: MIỀN BẮC | B5: =B6+B58+B65+B69+B71+B73
A6: Hà Nội | B6: =COUNTA(A7:A57)
A7: Đại học Bách khoa Hà Nội (HUST) | C7: Hà Nội | D7: HUST | E7: =COUNTA(HUST!$B$11:$B$500) | F7: =IF(E7>0,"Đã có dữ liệu","Chưa có dữ liệu") | G7: https://hust.edu.vn/ | H7: https://ts.hust.edu.vn/
A8: Đại học Kinh tế Quốc dân (NEU) | C8: Hà Nội | D8: NEU | E8: =COUNTA(NEU!$B$11:$B$500) | F8: =IF(E8>0,"Đã có dữ liệu","Chưa có dữ liệu") | G8: https://neu.edu.vn/ | H8: https://daotao.neu.edu.vn/ hoặc https://xtkh.neu.edu.vn
A9: Đại học Ngoại thương (FTU) | C9: Hà Nội | D9: FTU | E9: =COUNTA(FTU!$B$11:$B$500) | F9: =IF(E9>0,"Đã có dữ liệu","Chưa có dữ liệu") | G9: https://ftu.edu.vn/ | H9: https://tuyensinh.ftu.edu.vn/ hoặc https://thongtintuyensinh.ftu.edu.vn/
A10: Đại học Thương mại (TMU) | C10: Hà Nội | D10: TMU | E10: =COUNTA(TMU!$B$11:$B$500) | F10: =IF(E10>0,"Đã có dữ liệu","Chưa có dữ liệu") | G10: https://tmu.edu.vn/ | H10: https://tuyensinh.tmu.edu.vn/
A11: Trường Đại học Luật Hà Nội (HLU) | C11: Hà Nội | D11: HLU | E11: =COUNTA(HLU!$B$11:$B$500) | F11: =IF(E11>0,"Đã có dữ liệu","Chưa có dữ liệu") | G11: https://hlu.edu.vn/ | H11: https://tuyensinh.hlu.edu.vn/
A12: Trường Đại học Khoa học Tự nhiên - ĐHQG Hà Nội (VNU-HUS) | C12: Hà Nội | D12: VNU-HUS | E12: =COUNTA('VNU-HUS'!$B$11:$B$500) | F12: =IF(E12>0,"Đã có dữ liệu","Chưa có dữ liệu") | G12: https://hus.vnu.edu.vn/ | H12: https://tuyensinh.hus.vnu.edu.vn/
A13: Trường Đại học Công nghệ - ĐHQG Hà Nội (VNU-UET) | C13: Hà Nội | D13: VNU-UET | E13: =COUNTA('VNU-UET'!$B$11:$B$500) | F13: =IF(E13>0,"Đã có dữ liệu","Chưa có dữ liệu") | G13: https://uet.vnu.edu.vn/ | H13: https://tuyensinh.uet.vnu.edu.vn/
A14: Trường Đại học Kinh tế - ĐHQG Hà Nội (VNU-UEB) | C14: Hà Nội | D14: VNU-UEB | E14: =COUNTA('VNU-UEB'!$B$11:$B$500) | F14: =IF(E14>0,"Đã có dữ liệu","Chưa có dữ liệu") | G14: https://ueb.vnu.edu.vn/ | H14: https://tuyensinh.ueb.edu.vn/
A15: Trường Đại học Khoa học Xã hội và Nhân văn - ĐHQG Hà Nội (VNU-USSH) | C15: Hà Nội | D15: VNU-USSH | E15: =COUNTA('VNU-USSH'!$B$11:$B$500) | F15: =IF(E15>0,"Đã có dữ liệu","Chưa có dữ liệu") | G15: https://ussh.vnu.edu.vn/ | H15: https://tuyensinh.ussh.edu.vn/
A16: Trường Đại học Ngoại ngữ - ĐHQG Hà Nội (VNU-ULIS) | C16: Hà Nội | D16: VNU-ULIS | E16: =COUNTA('VNU-ULIS'!$B$11:$B$500) | F16: =IF(E16>0,"Đã có dữ liệu","Chưa có dữ liệu") | G16: https://ulis.vnu.edu.vn/ | H16: https://tuyensinh.ulis.vnu.edu.vn/
A17: Trường Đại học Giáo dục - ĐHQG Hà Nội (VNU-UED) | C17: Hà Nội | D17: VNU-UED | E17: =COUNTA('VNU-UED'!$B$11:$B$500) | F17: =IF(E17>0,"Đã có dữ liệu","Chưa có dữ liệu") | G17: https://education.vnu.edu.vn/ | H17: https://education.vnu.edu.vn/
A18: Đại học Xây dựng Hà Nội (HUCE) | C18: Hà Nội | D18: HUCE | E18: =COUNTA(HUCE!$B$11:$B$500) | F18: =IF(E18>0,"Đã có dữ liệu","Chưa có dữ liệu") | G18: https://huce.edu.vn/ | H18: https://tuyensinh.huce.edu.vn/
A19: Trường Đại học Kiến trúc Hà Nội (HAU) | C19: Hà Nội | D19: HAU | E19: =COUNTA(HAU!$B$11:$B$500) | F19: =IF(E19>0,"Đã có dữ liệu","Chưa có dữ liệu") | G19: https://hau.edu.vn/ | H19: https://tuyensinh.hau.edu.vn/
A20: Trường Đại học Thủy lợi (TLU) | C20: Hà Nội | D20: TLU | E20: =COUNTA(TLU!$B$11:$B$500) | F20: =IF(E20>0,"Đã có dữ liệu","Chưa có dữ liệu") | G20: https://tlu.edu.vn/ | H20: https://tuyensinh.tlu.edu.vn/
A21: Trường Đại học Mỏ - Địa chất (HUMG) | C21: Hà Nội | D21: HUMG | E21: =COUNTA(HUMG!$B$11:$B$500) | F21: =IF(E21>0,"Đã có dữ liệu","Chưa có dữ liệu") | G21: https://humg.edu.vn/ | H21: https://tuyensinh.humg.edu.vn/
A22: Đại học Điện lực (EPU) | C22: Hà Nội | D22: EPU | E22: =COUNTA(EPU!$B$11:$B$500) | F22: =IF(E22>0,"Đã có dữ liệu","Chưa có dữ liệu") | G22: https://epu.edu.vn/ | H22: https://tuyensinh.epu.edu.vn/
A23: Trường Đại học Công nghiệp Hà Nội (HaUI) | C23: Hà Nội | D23: HaUI | E23: =COUNTA(HaUI!$B$11:$B$500) | F23: =IF(E23>0,"Đã có dữ liệu","Chưa có dữ liệu") | G23: https://haui.edu.vn/ | H23: https://tuyensinh.haui.edu.vn/
A24: Học viện Công nghệ Bưu chính Viễn thông (PTIT) | C24: Hà Nội | D24: PTIT | E24: =COUNTA(PTIT!$B$11:$B$500) | F24: =IF(E24>0,"Đã có dữ liệu","Chưa có dữ liệu") | G24: https://ptit.edu.vn/ | H24: https://tuyensinh.ptit.edu.vn/
A25: Học viện Kỹ thuật Mật mã (KMA) | C25: Hà Nội | D25: KMA | E25: =COUNTA(KMA!$B$11:$B$500) | F25: =IF(E25>0,"Đã có dữ liệu","Chưa có dữ liệu") | G25: https://actvn.edu.vn/ | H25: https://tuyensinh.actvn.edu.vn/
A26: Học viện Tài chính (AOF) | C26: Hà Nội | D26: AOF | E26: =COUNTA('HV Tài chính (AOF)'!$B$11:$B$500) | F26: =IF(E26>0,"Đã có dữ liệu","Chưa có dữ liệu") | G26: https://hvtc.edu.vn/ | H26: https://tuyensinh.hvtc.edu.vn/
A27: Học viện Ngân hàng (BA) | C27: Hà Nội | D27: BA | E27: =COUNTA('HV Ngân hàng (BA)'!$B$11:$B$500) | F27: =IF(E27>0,"Đã có dữ liệu","Chưa có dữ liệu") | G27: https://hvnh.edu.vn/ | H27: https://tuyensinh.hvnh.edu.vn/
A28: Học viện Ngoại giao (DAV) | C28: Hà Nội | D28: DAV | E28: =COUNTA('HV Ngoại giao (DAV)'!$B$11:$B$500) | F28: =IF(E28>0,"Đã có dữ liệu","Chưa có dữ liệu") | G28: https://dav.edu.vn/ | H28: https://tuyensinh.dav.edu.vn/
A29: Đại học Y Hà Nội (HMU) | C29: Hà Nội | D29: HMU | E29: =COUNTA(HMU!$B$11:$B$500) | F29: =IF(E29>0,"Đã có dữ liệu","Chưa có dữ liệu") | G29: https://hmu.edu.vn/ | H29: https://hmu.edu.vn/ (mục Tuyển sinh)
A30: Đại học Dược Hà Nội (HUP) | C30: Hà Nội | D30: HUP | E30: =COUNTA(HUP!$B$11:$B$500) | F30: =IF(E30>0,"Đã có dữ liệu","Chưa có dữ liệu") | G30: https://hup.edu.vn/ | H30: https://tuyensinh.hup.edu.vn/
A31: Đại học Y tế Công cộng (HUPH) | C31: Hà Nội | D31: HUPH | E31: =COUNTA(HUPH!$B$11:$B$500) | F31: =IF(E31>0,"Đã có dữ liệu","Chưa có dữ liệu") | G31: https://huph.edu.vn/ | H31: https://tuyensinh.huph.edu.vn/
A32: Trường Đại học Văn hóa Hà Nội (HUC) | C32: Hà Nội | D32: HUC | E32: =COUNTA(HUC!$B$11:$B$500) | F32: =IF(E32>0,"Đã có dữ liệu","Chưa có dữ liệu") | G32: https://huc.edu.vn/ | H32: https://tuyensinh.huc.edu.vn/
A33: Trường Đại học Mở Hà Nội (HOU) | C33: Hà Nội | D33: HOU | E33: =COUNTA(HOU!$B$11:$B$500) | F33: =IF(E33>0,"Đã có dữ liệu","Chưa có dữ liệu") | G33: https://hou.edu.vn/ | H33: https://tuyensinh.hou.edu.vn/
A34: Trường Đại học Lao động - Xã hội (ULSA) | C34: Hà Nội | D34: ULSA | E34: =COUNTA(ULSA!$B$11:$B$500) | F34: =IF(E34>0,"Đã có dữ liệu","Chưa có dữ liệu") | G34: https://ulsa.edu.vn/ | H34: https://tuyensinh.ulsa.edu.vn/
A35: Trường Đại học Giao thông Vận tải (UTC) | C35: Hà Nội | D35: UTC | E35: =COUNTA(UTC!$B$11:$B$500) | F35: =IF(E35>0,"Đã có dữ liệu","Chưa có dữ liệu") | G35: https://utc.edu.vn/ | H35: https://tuyensinh.utc.edu.vn/
A36: Trường Đại học Khoa học và Công nghệ Hà Nội (USTH) | C36: Hà Nội | D36: USTH | E36: =COUNTA(USTH!$B$11:$B$500) | F36: =IF(E36>0,"Đã có dữ liệu","Chưa có dữ liệu") | G36: https://usth.edu.vn/ | H36: https://tuyensinh.usth.edu.vn/
A37: Trường Đại học Phenikaa | C37: Hà Nội | E37: =COUNTA(Phenikaa!$B$11:$B$500) | F37: =IF(E37>0,"Đã có dữ liệu","Chưa có dữ liệu") | G37: https://phenikaa-uni.edu.vn/ | H37: https://tuyensinh.phenikaa-uni.edu.vn/
A38: Trường Đại học Thăng Long | C38: Hà Nội | E38: =COUNTA('Thăng Long'!$B$11:$B$500) | F38: =IF(E38>0,"Đã có dữ liệu","Chưa có dữ liệu") | G38: https://thanglong.edu.vn/ | H38: https://tuyensinh.thanglong.edu.vn/
A39: Trường Đại học CMC | C39: Hà Nội | E39: =COUNTA(CMC!$B$11:$B$500) | F39: =IF(E39>0,"Đã có dữ liệu","Chưa có dữ liệu") | G39: https://cmc-u.edu.vn/ | H39: https://tuyensinh.cmc-u.edu.vn/
A40: Trường Đại học Đại Nam | C40: Hà Nội | E40: =COUNTA('Đại Nam'!$B$11:$B$500) | F40: =IF(E40>0,"Đã có dữ liệu","Chưa có dữ liệu") | G40: https://dainam.edu.vn/ | H40: https://tuyensinh.dainam.edu.vn/
A41: Trường Đại học Kinh doanh và Công nghệ Hà Nội (HUBT) | C41: Hà Nội | D41: HUBT | E41: =COUNTA(HUBT!$B$11:$B$500) | F41: =IF(E41>0,"Đã có dữ liệu","Chưa có dữ liệu") | G41: https://hubt.edu.vn/ | H41: https://tuyensinh.hubt.edu.vn/
A42: Trường Đại học Công nghiệp Việt - Hung | C42: Hà Nội | E42: =COUNTA('Việt - Hung (VIU)'!$B$11:$B$500) | F42: =IF(E42>0,"Đã có dữ liệu","Chưa có dữ liệu") | G42: https://viu.edu.vn/ | H42: https://tuyensinh.viu.edu.vn/
A43: Học viện Kỹ thuật Quân sự (MTA) | C43: Hà Nội | D43: MTA | E43: =COUNTA(MTA!$B$11:$B$500) | F43: =IF(E43>0,"Đã có dữ liệu","Chưa có dữ liệu") | G43: https://mta.edu.vn/ | H43: https://mta.edu.vn/ (mục Tuyển sinh)
A44: Học viện Quân y | C44: Hà Nội | E44: =COUNTA('HV Quân y'!$B$11:$B$500) | F44: =IF(E44>0,"Đã có dữ liệu","Chưa có dữ liệu") | G44: https://hvqy.edu.vn/ | H44: https://tuyensinh.hvqy.edu.vn/
A45: Học viện Khoa học Quân sự | C45: Hà Nội | E45: =COUNTA('HV KH Quân sự'!$B$11:$B$500) | F45: =IF(E45>0,"Đã có dữ liệu","Chưa có dữ liệu") | G45: https://hocvienkhoahocquan.su.edu.vn/ hoặc trang Bộ Quốc phòng | H45: Trang tuyển sinh quân sự chung
A46: Học viện Biên phòng | C46: Hà Nội | E46: =COUNTA('HV Biên phòng'!$B$11:$B$500) | F46: =IF(E46>0,"Đã có dữ liệu","Chưa có dữ liệu") | G46: https://hocvienbienphong.edu.vn/ | H46: Trang tuyển sinh quân sự
A47: Học viện Hậu cần | C47: Hà Nội | E47: =COUNTA('HV Hậu cần'!$B$11:$B$500) | F47: =IF(E47>0,"Đã có dữ liệu","Chưa có dữ liệu") | G47: https://hocvienhaucan.edu.vn/ | H47: Trang tuyển sinh quân sự
A48: Học viện Phòng không - Không quân | C48: Hà Nội | E48: =COUNTA('HV PK-KQ'!$B$11:$B$500) | F48: =IF(E48>0,"Đã có dữ liệu","Chưa có dữ liệu") | G48: https://hocvienpkkq.edu.vn/ | H48: Trang tuyển sinh quân sự
A49: Trường Sĩ quan Lục quân 1 | C49: Hà Nội | E49: =COUNTA('SQ Lục quân 1'!$B$11:$B$500) | F49: =IF(E49>0,"Đã có dữ liệu","Chưa có dữ liệu") | G49: https://truongsq1.edu.vn/ | H49: Trang tuyển sinh quân sự
A50: Trường Sĩ quan Đặc công | C50: Hà Nội | E50: =COUNTA('SQ Đặc công'!$B$11:$B$500) | F50: =IF(E50>0,"Đã có dữ liệu","Chưa có dữ liệu") | G50: https://truongdaccong.edu.vn/ | H50: Trang tuyển sinh quân sự
A51: Trường Sĩ quan Phòng hóa | C51: Hà Nội | E51: =COUNTA('SQ Phòng hóa'!$B$11:$B$500) | F51: =IF(E51>0,"Đã có dữ liệu","Chưa có dữ liệu") | G51: https://truongphonghoa.edu.vn/ | H51: Trang tuyển sinh quân sự
A52: Trường Sĩ quan Pháo binh | C52: Hà Nội | E52: =COUNTA('SQ Pháo binh'!$B$11:$B$500) | F52: =IF(E52>0,"Đã có dữ liệu","Chưa có dữ liệu") | G52: https://truongphaobinh.edu.vn/ | H52: Trang tuyển sinh quân sự | I52: Địa điểm chưa đối chiếu nguồn - cần xác minh.
A53: Học viện An ninh nhân dân | C53: Hà Nội | E53: =COUNTA('HV An ninh ND'!$B$11:$B$500) | F53: =IF(E53>0,"Đã có dữ liệu","Chưa có dữ liệu") | G53: https://hvanninh.edu.vn/ | H53: https://tuyensinh.hvanninh.edu.vn/
A54: Học viện Cảnh sát nhân dân | C54: Hà Nội | E54: =COUNTA('HV Cảnh sát ND'!$B$11:$B$500) | F54: =IF(E54>0,"Đã có dữ liệu","Chưa có dữ liệu") | G54: https://hvcsnd.edu.vn/ | H54: https://tuyensinh.hvcsnd.edu.vn/
A55: Học viện Chính trị Công an nhân dân | C55: Hà Nội | E55: =COUNTA('HV Chính trị CAND'!$B$11:$B$500) | F55: =IF(E55>0,"Đã có dữ liệu","Chưa có dữ liệu") | G55: https://hocvienchinhtricand.edu.vn/ | H55: Trang tuyển sinh công an
A56: Học viện Kỹ thuật và Công nghệ An ninh | C56: Hà Nội | E56: =COUNTA('HV KT-CN An ninh'!$B$11:$B$500) | F56: =IF(E56>0,"Đã có dữ liệu","Chưa có dữ liệu") | G56: https://hocvienkythuatanninh.edu.vn/ | H56: Trang tuyển sinh công an | I56: Địa điểm chưa đối chiếu nguồn - cần xác minh.
A57: Trường Đại học Phòng cháy chữa cháy | C57: Hà Nội | E57: =COUNTA('ĐH PCCC'!$B$11:$B$500) | F57: =IF(E57>0,"Đã có dữ liệu","Chưa có dữ liệu") | G57: https://daihocpccc.edu.vn/ | H57: https://tuyensinh.daihocpccc.edu.vn/
A58: Thái Nguyên | B58: =COUNTA(A59:A64)
A59: Trường Đại học Kinh tế và Quản trị Kinh doanh - ĐH Thái Nguyên (TUEBA) | C59: Thái Nguyên | D59: TUEBA | E59: =COUNTA(TUEBA!$B$11:$B$500) | F59: =IF(E59>0,"Đã có dữ liệu","Chưa có dữ liệu") | G59: https://tueba.edu.vn/ | H59: https://tuyensinh.tueba.edu.vn/
A60: Trường Đại học Công nghệ Thông tin và Truyền thông - ĐH Thái Nguyên (ICTU) | C60: Thái Nguyên | D60: ICTU | E60: =COUNTA(ICTU!$B$11:$B$500) | F60: =IF(E60>0,"Đã có dữ liệu","Chưa có dữ liệu") | G60: https://ictu.edu.vn/ | H60: https://tuyensinh.ictu.edu.vn/
A61: Trường Đại học Kỹ thuật Công nghiệp - ĐH Thái Nguyên (TNUT) | C61: Thái Nguyên | D61: TNUT | E61: =COUNTA(TNUT!$B$11:$B$500) | F61: =IF(E61>0,"Đã có dữ liệu","Chưa có dữ liệu") | G61: https://tnut.edu.vn/ | H61: https://tuyensinh.tnut.edu.vn/
A62: Trường Đại học Nông Lâm - ĐH Thái Nguyên (TUAF) | C62: Thái Nguyên | D62: TUAF | E62: =COUNTA(TUAF!$B$11:$B$500) | F62: =IF(E62>0,"Đã có dữ liệu","Chưa có dữ liệu") | G62: https://tuaf.edu.vn/ | H62: https://tuyensinh.tuaf.edu.vn/
A63: Trường Đại học Y - Dược - ĐH Thái Nguyên (TUMP) | C63: Thái Nguyên | D63: TUMP | E63: =COUNTA(TUMP!$B$11:$B$500) | F63: =IF(E63>0,"Đã có dữ liệu","Chưa có dữ liệu") | G63: https://tump.edu.vn/ | H63: https://tuyensinh.tump.edu.vn/
A64: Trường Đại học Sư phạm - ĐH Thái Nguyên (TNUE) | C64: Thái Nguyên | D64: TNUE | E64: =COUNTA(TNUE!$B$11:$B$500) | F64: =IF(E64>0,"Đã có dữ liệu","Chưa có dữ liệu") | G64: https://tnue.edu.vn/ | H64: https://tuyensinh.tnue.edu.vn/
A65: Hải Phòng | B65: =COUNTA(A66:A68)
A66: Trường Đại học Hải Phòng | C66: Hải Phòng | E66: =COUNTA('ĐH Hải Phòng'!$B$11:$B$500) | F66: =IF(E66>0,"Đã có dữ liệu","Chưa có dữ liệu") | G66: https://dhhp.edu.vn/ | H66: https://tuyensinh.dhhp.edu.vn/
A67: Đại học Hàng hải Việt Nam (VMU) | C67: Hải Phòng | D67: VMU | E67: =COUNTA(VMU!$B$11:$B$500) | F67: =IF(E67>0,"Đã có dữ liệu","Chưa có dữ liệu") | G67: https://vimaru.edu.vn/ | H67: https://tuyensinh.vimaru.edu.vn/
A68: Trường Đại học Kỹ thuật Y tế Hải Dương | C68: Hải Dương | E68: =COUNTA('KT Y tế Hải Dương'!$B$11:$B$500) | F68: =IF(E68>0,"Đã có dữ liệu","Chưa có dữ liệu") | G68: https://hmt.edu.vn/ | H68: https://tuyensinh.hmt.edu.vn/
A69: Hưng Yên | B69: =COUNTA(A70:A70)
A70: Trường Đại học Sư phạm Kỹ thuật Hưng Yên (UTEHY) | C70: Hưng Yên | D70: UTEHY | E70: =COUNTA(UTEHY!$B$11:$B$500) | F70: =IF(E70>0,"Đã có dữ liệu","Chưa có dữ liệu") | G70: https://utehy.edu.vn/ | H70: https://tuyensinh.utehy.edu.vn/
A71: Bắc Ninh | B71: =COUNTA(A72:A72)
A72: Trường Đại học Chính trị (Trường Sĩ quan Chính trị) | C72: Bắc Ninh | E72: =COUNTA('SQ Chính trị'!$B$11:$B$500) | F72: =IF(E72>0,"Đã có dữ liệu","Chưa có dữ liệu") | G72: https://hocvienchinhtri.edu.vn/ | H72: Trang tuyển sinh quân sự | I72: Địa điểm chưa đối chiếu nguồn - cần xác minh.
A73: Phú Thọ | B73: =COUNTA(A74:A74)
A74: Trường Sĩ quan Tăng thiết giáp | C74: Vĩnh Phúc | E74: =COUNTA('SQ Tăng thiết giáp'!$B$11:$B$500) | F74: =IF(E74>0,"Đã có dữ liệu","Chưa có dữ liệu") | G74: https://truongttg.edu.vn/ | H74: Trang tuyển sinh quân sự
A75: MIỀN TRUNG | B75: =B76+B78+B80+B89+B97+B102+B104+B106
A76: Thanh Hóa | B76: =COUNTA(A77:A77)
A77: Trường Đại học Hồng Đức | C77: Thanh Hóa | E77: =COUNTA('ĐH Hồng Đức'!$B$11:$B$500) | F77: =IF(E77>0,"Đã có dữ liệu","Chưa có dữ liệu") | G77: https://hdu.edu.vn/ | H77: https://tuyensinh.hdu.edu.vn/
A78: Nghệ An | B78: =COUNTA(A79:A79)
A79: Trường Đại học Vinh | C79: Nghệ An | E79: =COUNTA('ĐH Vinh'!$B$11:$B$500) | F79: =IF(E79>0,"Đã có dữ liệu","Chưa có dữ liệu") | G79: https://vinhuni.edu.vn/ | H79: https://tuyensinh.vinhuni.edu.vn/
A80: Huế | B80: =COUNTA(A81:A88)
A81: Trường Đại học Khoa học - Đại học Huế | C81: Thừa Thiên Huế | E81: =COUNTA(HUSC!$B$11:$B$500) | F81: =IF(E81>0,"Đã có dữ liệu","Chưa có dữ liệu") | G81: https://husc.edu.vn/ | H81: https://tuyensinh.husc.edu.vn/
A82: Trường Đại học Kinh tế - Đại học Huế | C82: Thừa Thiên Huế | E82: =COUNTA(HCE!$B$11:$B$500) | F82: =IF(E82>0,"Đã có dữ liệu","Chưa có dữ liệu") | G82: https://hce.edu.vn/ | H82: https://tuyensinh.hce.edu.vn/
A83: Trường Đại học Luật - Đại học Huế | C83: Thừa Thiên Huế | E83: =COUNTA(HUL!$B$11:$B$500) | F83: =IF(E83>0,"Đã có dữ liệu","Chưa có dữ liệu") | G83: https://hul.edu.vn/ | H83: https://tuyensinh.hul.edu.vn/
A84: Trường Đại học Sư phạm - Đại học Huế | C84: Thừa Thiên Huế | E84: =COUNTA('ĐHSP Huế'!$B$11:$B$500) | F84: =IF(E84>0,"Đã có dữ liệu","Chưa có dữ liệu") | G84: https://dhsphue.edu.vn/ | H84: https://tuyensinh.dhsphue.edu.vn/
A85: Trường Đại học Y - Dược - Đại học Huế | C85: Thừa Thiên Huế | E85: =COUNTA('Y Dược Huế'!$B$11:$B$500) | F85: =IF(E85>0,"Đã có dữ liệu","Chưa có dữ liệu") | G85: https://huemed-univ.edu.vn/ | H85: https://tuyensinh.huemed-univ.edu.vn/
A86: Trường Đại học Nghệ thuật - Đại học Huế | C86: Thừa Thiên Huế | E86: =COUNTA('Nghệ thuật Huế'!$B$11:$B$500) | F86: =IF(E86>0,"Đã có dữ liệu","Chưa có dữ liệu") | G86: https://hufa.edu.vn/ | H86: https://tuyensinh.hufa.edu.vn/
A87: Trường Du lịch - Đại học Huế | C87: Thừa Thiên Huế | E87: =COUNTA('Du lịch Huế'!$B$11:$B$500) | F87: =IF(E87>0,"Đã có dữ liệu","Chưa có dữ liệu") | G87: https://huht.edu.vn/ | H87: https://tuyensinh.huht.edu.vn/
A88: Trường Đại học Nông Lâm - Đại học Huế | C88: Thừa Thiên Huế | E88: =COUNTA('Nông Lâm Huế'!$B$11:$B$500) | F88: =IF(E88>0,"Đã có dữ liệu","Chưa có dữ liệu") | G88: https://huaf.edu.vn/ | H88: https://tuyensinh.huaf.edu.vn/
A89: Đà Nẵng | B89: =COUNTA(A90:A96)
A90: Trường Đại học Bách khoa - Đại học Đà Nẵng (DUT) | C90: Đà Nẵng | D90: DUT | E90: =COUNTA(DUT!$B$11:$B$500) | F90: =IF(E90>0,"Đã có dữ liệu","Chưa có dữ liệu") | G90: https://dut.udn.vn/ | H90: https://tuyensinh.dut.udn.vn/
A91: Trường Đại học Kinh tế - Đại học Đà Nẵng (DUE) | C91: Đà Nẵng | D91: DUE | E91: =COUNTA(DUE!$B$11:$B$500) | F91: =IF(E91>0,"Đã có dữ liệu","Chưa có dữ liệu") | G91: https://due.udn.vn/ | H91: https://tuyensinh.due.udn.vn/
A92: Trường Đại học Sư phạm - Đại học Đà Nẵng | C92: Đà Nẵng | E92: =COUNTA('ĐHSP Đà Nẵng'!$B$11:$B$500) | F92: =IF(E92>0,"Đã có dữ liệu","Chưa có dữ liệu") | G92: https://ued.udn.vn/ | H92: https://tuyensinh.ued.udn.vn/
A93: Trường Đại học Y Dược - Đại học Đà Nẵng | C93: Đà Nẵng | E93: =COUNTA('Y Dược ĐH Đà Nẵng'!$B$11:$B$500) | F93: =IF(E93>0,"Đã có dữ liệu","Chưa có dữ liệu") | G93: https://ump.udn.vn/ | H93: https://tuyensinh.ump.udn.vn/
A94: Trường Đại học Ngoại ngữ - Đại học Đà Nẵng | C94: Đà Nẵng | E94: =COUNTA('UFL ĐH Đà Nẵng'!$B$11:$B$500) | F94: =IF(E94>0,"Đã có dữ liệu","Chưa có dữ liệu") | G94: https://ufl.udn.vn/ | H94: https://tuyensinh.ufl.udn.vn/
A95: Trường Đại học Duy Tân (DTU) | C95: Đà Nẵng | D95: DTU | E95: =COUNTA(DTU!$B$11:$B$500) | F95: =IF(E95>0,"Đã có dữ liệu","Chưa có dữ liệu") | G95: https://duytan.edu.vn/ | H95: https://tuyensinh.duytan.edu.vn/
A96: Trường Đại học Đông Á | C96: Đà Nẵng | E96: =COUNTA('ĐH Đông Á'!$B$11:$B$500) | F96: =IF(E96>0,"Đã có dữ liệu","Chưa có dữ liệu") | G96: https://donga.edu.vn/ | H96: https://tuyensinh.donga.edu.vn/
A97: Khánh Hòa | B97: =COUNTA(A98:A101)
A98: Trường Đại học Nha Trang | C98: Khánh Hòa | E98: =COUNTA(NTU!$B$11:$B$500) | F98: =IF(E98>0,"Đã có dữ liệu","Chưa có dữ liệu") | G98: https://ntu.edu.vn/ | H98: https://tuyensinh.ntu.edu.vn/
A99: Học viện Hải quân | C99: Khánh Hòa | E99: =COUNTA('HV Hải quân'!$B$11:$B$500) | F99: =IF(E99>0,"Đã có dữ liệu","Chưa có dữ liệu") | G99: https://hocvienhaiquan.edu.vn/ | H99: Trang tuyển sinh quân sự
A100: Trường Sĩ quan Thông tin (Đại học Thông tin liên lạc) | C100: Khánh Hòa | E100: =COUNTA('SQ Thông tin'!$B$11:$B$500) | F100: =IF(E100>0,"Đã có dữ liệu","Chưa có dữ liệu") | G100: https://truongthongtin.edu.vn/ | H100: Trang tuyển sinh quân sự
A101: Trường Sĩ quan Không quân | C101: Khánh Hòa | E101: =COUNTA('SQ Không quân'!$B$11:$B$500) | F101: =IF(E101>0,"Đã có dữ liệu","Chưa có dữ liệu") | G101: https://truongkhongquan.edu.vn/ | H101: Trang tuyển sinh quân sự
...

Sheet Danh sách 126 trường
A1: STT (file gốc) | B1: Tên trường | C1: Viết tắt | D1: Miền | E1: Tỉnh/TP (mới) | F1: Tỉnh/TP (cũ) | G1: Sheet ngành | H1: Số ngành | I1: Trang chủ | J1: Trang tuyển sinh | K1: Ghi chú
A2: 1 | B2: Đại học Bách khoa Hà Nội (HUST) | C2: HUST | D2: Miền Bắc | E2: Hà Nội | F2: Hà Nội | G2: HUST | H2: =COUNTA(HUST!$B$11:$B$500) | I2: https://hust.edu.vn/ | J2: https://ts.hust.edu.vn/
A3: 2 | B3: Đại học Kinh tế Quốc dân (NEU) | C3: NEU | D3: Miền Bắc | E3: Hà Nội | F3: Hà Nội | G3: NEU | H3: =COUNTA(NEU!$B$11:$B$500) | I3: https://neu.edu.vn/ | J3: https://daotao.neu.edu.vn/ hoặc https://xtkh.neu.edu.vn
A4: 3 | B4: Đại học Ngoại thương (FTU) | C4: FTU | D4: Miền Bắc | E4: Hà Nội | F4: Hà Nội | G4: FTU | H4: =COUNTA(FTU!$B$11:$B$500) | I4: https://ftu.edu.vn/ | J4: https://tuyensinh.ftu.edu.vn/ hoặc https://thongtintuyensinh.ftu.edu.vn/
A5: 4 | B5: Đại học Thương mại (TMU) | C5: TMU | D5: Miền Bắc | E5: Hà Nội | F5: Hà Nội | G5: TMU | H5: =COUNTA(TMU!$B$11:$B$500) | I5: https://tmu.edu.vn/ | J5: https://tuyensinh.tmu.edu.vn/
A6: 5 | B6: Trường Đại học Luật Hà Nội (HLU) | C6: HLU | D6: Miền Bắc | E6: Hà Nội | F6: Hà Nội | G6: HLU | H6: =COUNTA(HLU!$B$11:$B$500) | I6: https://hlu.edu.vn/ | J6: https://tuyensinh.hlu.edu.vn/
A7: 6 | B7: Trường Đại học Khoa học Tự nhiên - ĐHQG Hà Nội (VNU-HUS) | C7: VNU-HUS | D7: Miền Bắc | E7: Hà Nội | F7: Hà Nội | G7: VNU-HUS | H7: =COUNTA('VNU-HUS'!$B$11:$B$500) | I7: https://hus.vnu.edu.vn/ | J7: https://tuyensinh.hus.vnu.edu.vn/
A8: 7 | B8: Trường Đại học Công nghệ - ĐHQG Hà Nội (VNU-UET) | C8: VNU-UET | D8: Miền Bắc | E8: Hà Nội | F8: Hà Nội | G8: VNU-UET | H8: =COUNTA('VNU-UET'!$B$11:$B$500) | I8: https://uet.vnu.edu.vn/ | J8: https://tuyensinh.uet.vnu.edu.vn/
A9: 8 | B9: Trường Đại học Kinh tế - ĐHQG Hà Nội (VNU-UEB) | C9: VNU-UEB | D9: Miền Bắc | E9: Hà Nội | F9: Hà Nội | G9: VNU-UEB | H9: =COUNTA('VNU-UEB'!$B$11:$B$500) | I9: https://ueb.vnu.edu.vn/ | J9: https://tuyensinh.ueb.edu.vn/
A10: 9 | B10: Trường Đại học Khoa học Xã hội và Nhân văn - ĐHQG Hà Nội (VNU-USSH) | C10: VNU-USSH | D10: Miền Bắc | E10: Hà Nội | F10: Hà Nội | G10: VNU-USSH | H10: =COUNTA('VNU-USSH'!$B$11:$B$500) | I10: https://ussh.vnu.edu.vn/ | J10: https://tuyensinh.ussh.edu.vn/
A11: 10 | B11: Trường Đại học Ngoại ngữ - ĐHQG Hà Nội (VNU-ULIS) | C11: VNU-ULIS | D11: Miền Bắc | E11: Hà Nội | F11: Hà Nội | G11: VNU-ULIS | H11: =COUNTA('VNU-ULIS'!$B$11:$B$500) | I11: https://ulis.vnu.edu.vn/ | J11: https://tuyensinh.ulis.vnu.edu.vn/
A12: 11 | B12: Trường Đại học Giáo dục - ĐHQG Hà Nội (VNU-UED) | C12: VNU-UED | D12: Miền Bắc | E12: Hà Nội | F12: Hà Nội | G12: VNU-UED | H12: =COUNTA('VNU-UED'!$B$11:$B$500) | I12: https://education.vnu.edu.vn/ | J12: https://education.vnu.edu.vn/
A13: 12 | B13: Đại học Xây dựng Hà Nội (HUCE) | C13: HUCE | D13: Miền Bắc | E13: Hà Nội | F13: Hà Nội | G13: HUCE | H13: =COUNTA(HUCE!$B$11:$B$500) | I13: https://huce.edu.vn/ | J13: https://tuyensinh.huce.edu.vn/
A14: 13 | B14: Trường Đại học Kiến trúc Hà Nội (HAU) | C14: HAU | D14: Miền Bắc | E14: Hà Nội | F14: Hà Nội | G14: HAU | H14: =COUNTA(HAU!$B$11:$B$500) | I14: https://hau.edu.vn/ | J14: https://tuyensinh.hau.edu.vn/
A15: 14 | B15: Trường Đại học Thủy lợi (TLU) | C15: TLU | D15: Miền Bắc | E15: Hà Nội | F15: Hà Nội | G15: TLU | H15: =COUNTA(TLU!$B$11:$B$500) | I15: https://tlu.edu.vn/ | J15: https://tuyensinh.tlu.edu.vn/
A16: 15 | B16: Trường Đại học Mỏ - Địa chất (HUMG) | C16: HUMG | D16: Miền Bắc | E16: Hà Nội | F16: Hà Nội | G16: HUMG | H16: =COUNTA(HUMG!$B$11:$B$500) | I16: https://humg.edu.vn/ | J16: https://tuyensinh.humg.edu.vn/
A17: 16 | B17: Đại học Điện lực (EPU) | C17: EPU | D17: Miền Bắc | E17: Hà Nội | F17: Hà Nội | G17: EPU | H17: =COUNTA(EPU!$B$11:$B$500) | I17: https://epu.edu.vn/ | J17: https://tuyensinh.epu.edu.vn/
A18: 17 | B18: Trường Đại học Công nghiệp Hà Nội (HaUI) | C18: HaUI | D18: Miền Bắc | E18: Hà Nội | F18: Hà Nội | G18: HaUI | H18: =COUNTA(HaUI!$B$11:$B$500) | I18: https://haui.edu.vn/ | J18: https://tuyensinh.haui.edu.vn/
A19: 18 | B19: Học viện Công nghệ Bưu chính Viễn thông (PTIT) | C19: PTIT | D19: Miền Bắc | E19: Hà Nội | F19: Hà Nội | G19: PTIT | H19: =COUNTA(PTIT!$B$11:$B$500) | I19: https://ptit.edu.vn/ | J19: https://tuyensinh.ptit.edu.vn/
A20: 19 | B20: Học viện Kỹ thuật Mật mã (KMA) | C20: KMA | D20: Miền Bắc | E20: Hà Nội | F20: Hà Nội | G20: KMA | H20: =COUNTA(KMA!$B$11:$B$500) | I20: https://actvn.edu.vn/ | J20: https://tuyensinh.actvn.edu.vn/
A21: 20 | B21: Học viện Tài chính (AOF) | C21: AOF | D21: Miền Bắc | E21: Hà Nội | F21: Hà Nội | G21: HV Tài chính (AOF) | H21: =COUNTA('HV Tài chính (AOF)'!$B$11:$B$500) | I21: https://hvtc.edu.vn/ | J21: https://tuyensinh.hvtc.edu.vn/
A22: 21 | B22: Học viện Ngân hàng (BA) | C22: BA | D22: Miền Bắc | E22: Hà Nội | F22: Hà Nội | G22: HV Ngân hàng (BA) | H22: =COUNTA('HV Ngân hàng (BA)'!$B$11:$B$500) | I22: https://hvnh.edu.vn/ | J22: https://tuyensinh.hvnh.edu.vn/
A23: 22 | B23: Học viện Ngoại giao (DAV) | C23: DAV | D23: Miền Bắc | E23: Hà Nội | F23: Hà Nội | G23: HV Ngoại giao (DAV) | H23: =COUNTA('HV Ngoại giao (DAV)'!$B$11:$B$500) | I23: https://dav.edu.vn/ | J23: https://tuyensinh.dav.edu.vn/
A24: 23 | B24: Đại học Y Hà Nội (HMU) | C24: HMU | D24: Miền Bắc | E24: Hà Nội | F24: Hà Nội | G24: HMU | H24: =COUNTA(HMU!$B$11:$B$500) | I24: https://hmu.edu.vn/ | J24: https://hmu.edu.vn/ (mục Tuyển sinh)
A25: 24 | B25: Đại học Dược Hà Nội (HUP) | C25: HUP | D25: Miền Bắc | E25: Hà Nội | F25: Hà Nội | G25: HUP | H25: =COUNTA(HUP!$B$11:$B$500) | I25: https://hup.edu.vn/ | J25: https://tuyensinh.hup.edu.vn/
A26: 25 | B26: Đại học Y tế Công cộng (HUPH) | C26: HUPH | D26: Miền Bắc | E26: Hà Nội | F26: Hà Nội | G26: HUPH | H26: =COUNTA(HUPH!$B$11:$B$500) | I26: https://huph.edu.vn/ | J26: https://tuyensinh.huph.edu.vn/
A27: 26 | B27: Trường Đại học Văn hóa Hà Nội (HUC) | C27: HUC | D27: Miền Bắc | E27: Hà Nội | F27: Hà Nội | G27: HUC | H27: =COUNTA(HUC!$B$11:$B$500) | I27: https://huc.edu.vn/ | J27: https://tuyensinh.huc.edu.vn/
A28: 27 | B28: Trường Đại học Mở Hà Nội (HOU) | C28: HOU | D28: Miền Bắc | E28: Hà Nội | F28: Hà Nội | G28: HOU | H28: =COUNTA(HOU!$B$11:$B$500) | I28: https://hou.edu.vn/ | J28: https://tuyensinh.hou.edu.vn/
A29: 28 | B29: Trường Đại học Lao động - Xã hội (ULSA) | C29: ULSA | D29: Miền Bắc | E29: Hà Nội | F29: Hà Nội | G29: ULSA | H29: =COUNTA(ULSA!$B$11:$B$500) | I29: https://ulsa.edu.vn/ | J29: https://tuyensinh.ulsa.edu.vn/
A30: 29 | B30: Trường Đại học Giao thông Vận tải (UTC) | C30: UTC | D30: Miền Bắc | E30: Hà Nội | F30: Hà Nội | G30: UTC | H30: =COUNTA(UTC!$B$11:$B$500) | I30: https://utc.edu.vn/ | J30: https://tuyensinh.utc.edu.vn/
A31: 30 | B31: Trường Đại học Khoa học và Công nghệ Hà Nội (USTH) | C31: USTH | D31: Miền Bắc | E31: Hà Nội | F31: Hà Nội | G31: USTH | H31: =COUNTA(USTH!$B$11:$B$500) | I31: https://usth.edu.vn/ | J31: https://tuyensinh.usth.edu.vn/
A32: 31 | B32: Trường Đại học Phenikaa | D32: Miền Bắc | E32: Hà Nội | F32: Hà Nội | G32: Phenikaa | H32: =COUNTA(Phenikaa!$B$11:$B$500) | I32: https://phenikaa-uni.edu.vn/ | J32: https://tuyensinh.phenikaa-uni.edu.vn/
A33: 32 | B33: Trường Đại học Thăng Long | D33: Miền Bắc | E33: Hà Nội | F33: Hà Nội | G33: Thăng Long | H33: =COUNTA('Thăng Long'!$B$11:$B$500) | I33: https://thanglong.edu.vn/ | J33: https://tuyensinh.thanglong.edu.vn/
A34: 33 | B34: Trường Đại học CMC | D34: Miền Bắc | E34: Hà Nội | F34: Hà Nội | G34: CMC | H34: =COUNTA(CMC!$B$11:$B$500) | I34: https://cmc-u.edu.vn/ | J34: https://tuyensinh.cmc-u.edu.vn/
A35: 34 | B35: Trường Đại học Đại Nam | D35: Miền Bắc | E35: Hà Nội | F35: Hà Nội | G35: Đại Nam | H35: =COUNTA('Đại Nam'!$B$11:$B$500) | I35: https://dainam.edu.vn/ | J35: https://tuyensinh.dainam.edu.vn/
A36: 35 | B36: Trường Đại học Kinh doanh và Công nghệ Hà Nội (HUBT) | C36: HUBT | D36: Miền Bắc | E36: Hà Nội | F36: Hà Nội | G36: HUBT | H36: =COUNTA(HUBT!$B$11:$B$500) | I36: https://hubt.edu.vn/ | J36: https://tuyensinh.hubt.edu.vn/
A37: 36 | B37: Trường Đại học Công nghiệp Việt - Hung | D37: Miền Bắc | E37: Hà Nội | F37: Hà Nội | G37: Việt - Hung (VIU) | H37: =COUNTA('Việt - Hung (VIU)'!$B$11:$B$500) | I37: https://viu.edu.vn/ | J37: https://tuyensinh.viu.edu.vn/
A38: 37 | B38: Trường Đại học Kinh tế và Quản trị Kinh doanh - ĐH Thái Nguyên (TUEBA) | C38: TUEBA | D38: Miền Bắc | E38: Thái Nguyên | F38: Thái Nguyên | G38: TUEBA | H38: =COUNTA(TUEBA!$B$11:$B$500) | I38: https://tueba.edu.vn/ | J38: https://tuyensinh.tueba.edu.vn/
A39: 38 | B39: Trường Đại học Công nghệ Thông tin và Truyền thông - ĐH Thái Nguyên (ICTU) | C39: ICTU | D39: Miền Bắc | E39: Thái Nguyên | F39: Thái Nguyên | G39: ICTU | H39: =COUNTA(ICTU!$B$11:$B$500) | I39: https://ictu.edu.vn/ | J39: https://tuyensinh.ictu.edu.vn/
A40: 39 | B40: Trường Đại học Kỹ thuật Công nghiệp - ĐH Thái Nguyên (TNUT) | C40: TNUT | D40: Miền Bắc | E40: Thái Nguyên | F40: Thái Nguyên | G40: TNUT | H40: =COUNTA(TNUT!$B$11:$B$500) | I40: https://tnut.edu.vn/ | J40: https://tuyensinh.tnut.edu.vn/
A41: 40 | B41: Trường Đại học Nông Lâm - ĐH Thái Nguyên (TUAF) | C41: TUAF | D41: Miền Bắc | E41: Thái Nguyên | F41: Thái Nguyên | G41: TUAF | H41: =COUNTA(TUAF!$B$11:$B$500) | I41: https://tuaf.edu.vn/ | J41: https://tuyensinh.tuaf.edu.vn/
A42: 41 | B42: Trường Đại học Y - Dược - ĐH Thái Nguyên (TUMP) | C42: TUMP | D42: Miền Bắc | E42: Thái Nguyên | F42: Thái Nguyên | G42: TUMP | H42: =COUNTA(TUMP!$B$11:$B$500) | I42: https://tump.edu.vn/ | J42: https://tuyensinh.tump.edu.vn/
A43: 42 | B43: Trường Đại học Sư phạm - ĐH Thái Nguyên (TNUE) | C43: TNUE | D43: Miền Bắc | E43: Thái Nguyên | F43: Thái Nguyên | G43: TNUE | H43: =COUNTA(TNUE!$B$11:$B$500) | I43: https://tnue.edu.vn/ | J43: https://tuyensinh.tnue.edu.vn/
A44: 43 | B44: Trường Đại học Hải Phòng | D44: Miền Bắc | E44: Hải Phòng | F44: Hải Phòng | G44: ĐH Hải Phòng | H44: =COUNTA('ĐH Hải Phòng'!$B$11:$B$500) | I44: https://dhhp.edu.vn/ | J44: https://tuyensinh.dhhp.edu.vn/
A45: 44 | B45: Đại học Hàng hải Việt Nam (VMU) | C45: VMU | D45: Miền Bắc | E45: Hải Phòng | F45: Hải Phòng | G45: VMU | H45: =COUNTA(VMU!$B$11:$B$500) | I45: https://vimaru.edu.vn/ | J45: https://tuyensinh.vimaru.edu.vn/
A46: 45 | B46: Trường Đại học Kỹ thuật Y tế Hải Dương | D46: Miền Bắc | E46: Hải Phòng | F46: Hải Dương | G46: KT Y tế Hải Dương | H46: =COUNTA('KT Y tế Hải Dương'!$B$11:$B$500) | I46: https://hmt.edu.vn/ | J46: https://tuyensinh.hmt.edu.vn/
A47: 46 | B47: Trường Đại học Sư phạm Kỹ thuật Hưng Yên (UTEHY) | C47: UTEHY | D47: Miền Bắc | E47: Hưng Yên | F47: Hưng Yên | G47: UTEHY | H47: =COUNTA(UTEHY!$B$11:$B$500) | I47: https://utehy.edu.vn/ | J47: https://tuyensinh.utehy.edu.vn/
A48: 47 | B48: Trường Đại học Vinh | D48: Miền Trung | E48: Nghệ An | F48: Nghệ An | G48: ĐH Vinh | H48: =COUNTA('ĐH Vinh'!$B$11:$B$500) | I48: https://vinhuni.edu.vn/ | J48: https://tuyensinh.vinhuni.edu.vn/
A49: 48 | B49: Trường Đại học Bách khoa - Đại học Đà Nẵng (DUT) | C49: DUT | D49: Miền Trung | E49: Đà Nẵng | F49: Đà Nẵng | G49: DUT | H49: =COUNTA(DUT!$B$11:$B$500) | I49: https://dut.udn.vn/ | J49: https://tuyensinh.dut.udn.vn/
A50: 49 | B50: Trường Đại học Kinh tế - Đại học Đà Nẵng (DUE) | C50: DUE | D50: Miền Trung | E50: Đà Nẵng | F50: Đà Nẵng | G50: DUE | H50: =COUNTA(DUE!$B$11:$B$500) | I50: https://due.udn.vn/ | J50: https://tuyensinh.due.udn.vn/
A51: 50 | B51: Trường Đại học Sư phạm - Đại học Đà Nẵng | D51: Miền Trung | E51: Đà Nẵng | F51: Đà Nẵng | G51: ĐHSP Đà Nẵng | H51: =COUNTA('ĐHSP Đà Nẵng'!$B$11:$B$500) | I51: https://ued.udn.vn/ | J51: https://tuyensinh.ued.udn.vn/
A52: 51 | B52: Trường Đại học Y Dược - Đại học Đà Nẵng | D52: Miền Trung | E52: Đà Nẵng | F52: Đà Nẵng | G52: Y Dược ĐH Đà Nẵng | H52: =COUNTA('Y Dược ĐH Đà Nẵng'!$B$11:$B$500) | I52: https://ump.udn.vn/ | J52: https://tuyensinh.ump.udn.vn/
A53: 52 | B53: Trường Đại học Ngoại ngữ - Đại học Đà Nẵng | D53: Miền Trung | E53: Đà Nẵng | F53: Đà Nẵng | G53: UFL ĐH Đà Nẵng | H53: =COUNTA('UFL ĐH Đà Nẵng'!$B$11:$B$500) | I53: https://ufl.udn.vn/ | J53: https://tuyensinh.ufl.udn.vn/
A54: 53 | B54: Trường Đại học Duy Tân (DTU) | C54: DTU | D54: Miền Trung | E54: Đà Nẵng | F54: Đà Nẵng | G54: DTU | H54: =COUNTA(DTU!$B$11:$B$500) | I54: https://duytan.edu.vn/ | J54: https://tuyensinh.duytan.edu.vn/
A55: 54 | B55: Trường Đại học Đông Á | D55: Miền Trung | E55: Đà Nẵng | F55: Đà Nẵng | G55: ĐH Đông Á | H55: =COUNTA('ĐH Đông Á'!$B$11:$B$500) | I55: https://donga.edu.vn/ | J55: https://tuyensinh.donga.edu.vn/
A56: 55 | B56: Trường Đại học Khoa học - Đại học Huế | D56: Miền Trung | E56: Huế | F56: Thừa Thiên Huế | G56: HUSC | H56: =COUNTA(HUSC!$B$11:$B$500) | I56: https://husc.edu.vn/ | J56: https://tuyensinh.husc.edu.vn/
A57: 56 | B57: Trường Đại học Kinh tế - Đại học Huế | D57: Miền Trung | E57: Huế | F57: Thừa Thiên Huế | G57: HCE | H57: =COUNTA(HCE!$B$11:$B$500) | I57: https://hce.edu.vn/ | J57: https://tuyensinh.hce.edu.vn/
A58: 57 | B58: Trường Đại học Luật - Đại học Huế | D58: Miền Trung | E58: Huế | F58: Thừa Thiên Huế | G58: HUL | H58: =COUNTA(HUL!$B$11:$B$500) | I58: https://hul.edu.vn/ | J58: https://tuyensinh.hul.edu.vn/
A59: 58 | B59: Trường Đại học Sư phạm - Đại học Huế | D59: Miền Trung | E59: Huế | F59: Thừa Thiên Huế | G59: ĐHSP Huế | H59: =COUNTA('ĐHSP Huế'!$B$11:$B$500) | I59: https://dhsphue.edu.vn/ | J59: https://tuyensinh.dhsphue.edu.vn/
A60: 59 | B60: Trường Đại học Y - Dược - Đại học Huế | D60: Miền Trung | E60: Huế | F60: Thừa Thiên Huế | G60: Y Dược Huế | H60: =COUNTA('Y Dược Huế'!$B$11:$B$500) | I60: https://huemed-univ.edu.vn/ | J60: https://tuyensinh.huemed-univ.edu.vn/
A61: 60 | B61: Trường Đại học Nghệ thuật - Đại học Huế | D61: Miền Trung | E61: Huế | F61: Thừa Thiên Huế | G61: Nghệ thuật Huế | H61: =COUNTA('Nghệ thuật Huế'!$B$11:$B$500) | I61: https://hufa.edu.vn/ | J61: https://tuyensinh.hufa.edu.vn/
A62: 61 | B62: Trường Du lịch - Đại học Huế | D62: Miền Trung | E62: Huế | F62: Thừa Thiên Huế | G62: Du lịch Huế | H62: =COUNTA('Du lịch Huế'!$B$11:$B$500) | I62: https://huht.edu.vn/ | J62: https://tuyensinh.huht.edu.vn/
A63: 62 | B63: Trường Đại học Nông Lâm - Đại học Huế | D63: Miền Trung | E63: Huế | F63: Thừa Thiên Huế | G63: Nông Lâm Huế | H63: =COUNTA('Nông Lâm Huế'!$B$11:$B$500) | I63: https://huaf.edu.vn/ | J63: https://tuyensinh.huaf.edu.vn/
A64: 63 | B64: Trường Đại học Nha Trang | D64: Miền Trung | E64: Khánh Hòa | F64: Khánh Hòa | G64: NTU | H64: =COUNTA(NTU!$B$11:$B$500) | I64: https://ntu.edu.vn/ | J64: https://tuyensinh.ntu.edu.vn/
A65: 64 | B65: Trường Đại học Quy Nhơn | D65: Miền Trung | E65: Gia Lai | F65: Bình Định | G65: QNU | H65: =COUNTA(QNU!$B$11:$B$500) | I65: https://qnu.edu.vn/ | J65: https://tuyensinh.qnu.edu.vn/
A66: 65 | B66: Trường Đại học Đà Lạt | D66: Miền Trung | E66: Lâm Đồng | F66: Lâm Đồng | G66: DLU | H66: =COUNTA(DLU!$B$11:$B$500) | I66: https://dlu.edu.vn/ | J66: https://tuyensinh.dlu.edu.vn/
A67: 66 | B67: Trường Đại học Tây Nguyên | D67: Miền Trung | E67: Đắk Lắk | F67: Đắk Lắk | G67: ĐH Tây Nguyên | H67: =COUNTA('ĐH Tây Nguyên'!$B$11:$B$500) | I67: https://ttn.edu.vn/ | J67: https://tuyensinh.ttn.edu.vn/
A68: 67 | B68: Trường Đại học Hồng Đức | D68: Miền Trung | E68: Thanh Hóa | F68: Thanh Hóa | G68: ĐH Hồng Đức | H68: =COUNTA('ĐH Hồng Đức'!$B$11:$B$500) | I68: https://hdu.edu.vn/ | J68: https://tuyensinh.hdu.edu.vn/
A69: 68 | B69: Trường Đại học Bách khoa - ĐHQG TP.HCM (HCMUT) | C69: HCMUT | D69: Miền Nam | E69: TP. Hồ Chí Minh | F69: TP. Hồ Chí Minh | G69: HCMUT | H69: =COUNTA(HCMUT!$B$11:$B$500) | I69: https://hcmut.edu.vn/ | J69: https://tuyensinh.hcmut.edu.vn/ hoặc https://mybk.hcmut.edu.vn/tuyensinh/
A70: 69 | B70: Trường Đại học Khoa học Tự nhiên - ĐHQG TP.HCM (HCMUS) | C70: HCMUS | D70: Miền Nam | E70: TP. Hồ Chí Minh | F70: TP. Hồ Chí Minh | G70: HCMUS | H70: =COUNTA(HCMUS!$B$11:$B$500) | I70: https://hcmus.edu.vn/ | J70: https://tuyensinh.hcmus.edu.vn/
A71: 70 | B71: Trường Đại học Công nghệ Thông tin - ĐHQG TP.HCM (UIT) | C71: UIT | D71: Miền Nam | E71: TP. Hồ Chí Minh | F71: TP. Hồ Chí Minh | G71: UIT | H71: =COUNTA(UIT!$B$11:$B$500) | I71: https://uit.edu.vn/ | J71: https://tuyensinh.uit.edu.vn/
A72: 71 | B72: Trường Đại học Kinh tế - Luật - ĐHQG TP.HCM (UEL) | C72: UEL | D72: Miền Nam | E72: TP. Hồ Chí Minh | F72: TP. Hồ Chí Minh | G72: UEL | H72: =COUNTA(UEL!$B$11:$B$500) | I72: https://uel.edu.vn/ | J72: https://tuyensinh.uel.edu.vn/
A73: 72 | B73: Trường Đại học Quốc tế - ĐHQG TP.HCM (IU) | C73: IU | D73: Miền Nam | E73: TP. Hồ Chí Minh | F73: TP. Hồ Chí Minh | G73: IU (HCMIU) | H73: =COUNTA('IU (HCMIU)'!$B$11:$B$500) | I73: https://hcmiu.edu.vn/ | J73: https://tuyensinh.hcmiu.edu.vn/
A74: 73 | B74: Trường Đại học Khoa học Xã hội và Nhân văn - ĐHQG TP.HCM | D74: Miền Nam | E74: TP. Hồ Chí Minh | F74: TP. Hồ Chí Minh | G74: USSH TP.HCM | H74: =COUNTA('USSH TP.HCM'!$B$11:$B$500) | I74: https://hcmussh.edu.vn/ | J74: https://tuyensinh.hcmussh.edu.vn/
A75: 74 | B75: Đại học Kinh tế TP.HCM (UEH) | C75: UEH | D75: Miền Nam | E75: TP. Hồ Chí Minh | F75: TP. Hồ Chí Minh | G75: UEH | H75: =COUNTA(UEH!$B$11:$B$500) | I75: https://ueh.edu.vn/ | J75: https://tuyensinh.ueh.edu.vn/
A76: 75 | B76: Trường Đại học Tôn Đức Thắng (TDTU) | C76: TDTU | D76: Miền Nam | E76: TP. Hồ Chí Minh | F76: TP. Hồ Chí Minh | G76: TDTU | H76: =COUNTA(TDTU!$B$11:$B$500) | I76: https://tdtu.edu.vn/ | J76: https://tuyensinh.tdtu.edu.vn/
A77: 76 | B77: Trường Đại học Sư phạm TP.HCM (HCMUE) | C77: HCMUE | D77: Miền Nam | E77: TP. Hồ Chí Minh | F77: TP. Hồ Chí Minh | G77: HCMUE | H77: =COUNTA(HCMUE!$B$11:$B$500) | I77: https://hcmue.edu.vn/ | J77: https://tuyensinh.hcmue.edu.vn/
A78: 77 | B78: Trường Đại học Sư phạm Kỹ thuật TP.HCM (HCMUTE) | C78: HCMUTE | D78: Miền Nam | E78: TP. Hồ Chí Minh | F78: TP. Hồ Chí Minh | G78: HCMUTE | H78: =COUNTA(HCMUTE!$B$11:$B$500) | I78: https://hcmute.edu.vn/ | J78: https://tuyensinh.hcmute.edu.vn/
A79: 78 | B79: Trường Đại học Công nghiệp TP.HCM (IUH) | C79: IUH | D79: Miền Nam | E79: TP. Hồ Chí Minh | F79: TP. Hồ Chí Minh | G79: IUH | H79: =COUNTA(IUH!$B$11:$B$500) | I79: https://iuh.edu.vn/ | J79: https://tuyensinh.iuh.edu.vn/
A80: 79 | B80: Trường Đại học Công Thương TP.HCM (HUIT) | C80: HUIT | D80: Miền Nam | E80: TP. Hồ Chí Minh | F80: TP. Hồ Chí Minh | G80: HUIT | H80: =COUNTA(HUIT!$B$11:$B$500) | I80: https://huit.edu.vn/ | J80: https://tuyensinh.huit.edu.vn/
A81: 80 | B81: Trường Đại học Giao thông vận tải TP.HCM (UTH) | C81: UTH | D81: Miền Nam | E81: TP. Hồ Chí Minh | F81: TP. Hồ Chí Minh | G81: UTH | H81: =COUNTA(UTH!$B$11:$B$500) | I81: https://ut.edu.vn/ | J81: https://tuyensinh.ut.edu.vn/
A82: 81 | B82: Trường Đại học Mở TP.HCM (OU) | C82: OU | D82: Miền Nam | E82: TP. Hồ Chí Minh | F82: TP. Hồ Chí Minh | G82: OU | H82: =COUNTA(OU!$B$11:$B$500) | I82: https://ou.edu.vn/ | J82: https://tuyensinh.ou.edu.vn/
A83: 82 | B83: Trường Đại học Tài chính - Marketing (UFM) | C83: UFM | D83: Miền Nam | E83: TP. Hồ Chí Minh | F83: TP. Hồ Chí Minh | G83: UFM | H83: =COUNTA(UFM!$B$11:$B$500) | I83: https://ufm.edu.vn/ | J83: https://tuyensinh.ufm.edu.vn/
A84: 83 | B84: Trường Đại học Ngân hàng TP.HCM (HUB) | C84: HUB | D84: Miền Nam | E84: TP. Hồ Chí Minh | F84: TP. Hồ Chí Minh | G84: HUB | H84: =COUNTA(HUB!$B$11:$B$500) | I84: https://hub.edu.vn/ | J84: https://tuyensinh.hub.edu.vn/
A85: 84 | B85: Đại học Luật TP.HCM (ULAW) | C85: ULAW | D85: Miền Nam | E85: TP. Hồ Chí Minh | F85: TP. Hồ Chí Minh | G85: ULAW | H85: =COUNTA(ULAW!$B$11:$B$500) | I85: https://hcmulaw.edu.vn/ | J85: https://tuyensinh.hcmulaw.edu.vn/
A86: 85 | B86: Trường Đại học Kiến trúc TP.HCM (UAH) | C86: UAH | D86: Miền Nam | E86: TP. Hồ Chí Minh | F86: TP. Hồ Chí Minh | G86: UAH | H86: =COUNTA(UAH!$B$11:$B$500) | I86: https://uah.edu.vn/ | J86: https://tuyensinh.uah.edu.vn/
A87: 86 | B87: Trường Đại học Mỹ thuật TP.HCM | D87: Miền Nam | E87: TP. Hồ Chí Minh | F87: TP. Hồ Chí Minh | G87: Mỹ thuật TP.HCM | H87: =COUNTA('Mỹ thuật TP.HCM'!$B$11:$B$500) | I87: https://hufa.edu.vn/ | J87: https://tuyensinh.hufa.edu.vn/ | K87: Trang chủ/tuyển sinh trong file gốc trùng với #60 (ĐH Nghệ thuật Huế) - cần kiểm tra lại link.
A88: 87 | B88: Trường Đại học Văn hóa TP.HCM | D88: Miền Nam | E88: TP. Hồ Chí Minh | F88: TP. Hồ Chí Minh | G88: Văn hóa TP.HCM | H88: =COUNTA('Văn hóa TP.HCM'!$B$11:$B$500) | I88: https://hcmuc.edu.vn/ | J88: https://tuyensinh.hcmuc.edu.vn/
A89: 88 | B89: Đại học Y Dược TP.HCM (UMP) | C89: UMP | D89: Miền Nam | E89: TP. Hồ Chí Minh | F89: TP. Hồ Chí Minh | G89: UMP | H89: =COUNTA(UMP!$B$11:$B$500) | I89: https://ump.edu.vn/ | J89: https://tuyensinh.ump.edu.vn/
A90: 89 | B90: Trường Đại học Y khoa Phạm Ngọc Thạch | D90: Miền Nam | E90: TP. Hồ Chí Minh | F90: TP. Hồ Chí Minh | G90: PNT | H90: =COUNTA(PNT!$B$11:$B$500) | I90: https://pnt.edu.vn/ | J90: https://tuyensinh.pnt.edu.vn/
A91: 90 | B91: Trường Đại học Nông Lâm TP.HCM (NLU) | C91: NLU | D91: Miền Nam | E91: TP. Hồ Chí Minh | F91: TP. Hồ Chí Minh | G91: NLU | H91: =COUNTA(NLU!$B$11:$B$500) | I91: https://hcmuaf.edu.vn/ | J91: https://tuyensinh.hcmuaf.edu.vn/
A92: 91 | B92: Trường Đại học Tài nguyên và Môi trường TP.HCM | D92: Miền Nam | E92: TP. Hồ Chí Minh | F92: TP. Hồ Chí Minh | G92: HCMUNRE | H92: =COUNTA(HCMUNRE!$B$11:$B$500) | I92: https://hcmunre.edu.vn/ | J92: https://tuyensinh.hcmunre.edu.vn/
A93: 92 | B93: Trường Đại học Công nghệ TP.HCM (HUTECH) | C93: HUTECH | D93: Miền Nam | E93: TP. Hồ Chí Minh | F93: TP. Hồ Chí Minh | G93: HUTECH | H93: =COUNTA(HUTECH!$B$11:$B$500) | I93: https://hutech.edu.vn/ | J93: https://tuyensinh.hutech.edu.vn/
A94: 93 | B94: Trường Đại học Kinh tế - Tài chính TP.HCM (UEF) | C94: UEF | D94: Miền Nam | E94: TP. Hồ Chí Minh | F94: TP. Hồ Chí Minh | G94: UEF | H94: =COUNTA(UEF!$B$11:$B$500) | I94: https://uef.edu.vn/ | J94: https://tuyensinh.uef.edu.vn/
A95: 94 | B95: Trường Đại học Hoa Sen | D95: Miền Nam | E95: TP. Hồ Chí Minh | F95: TP. Hồ Chí Minh | G95: Hoa Sen | H95: =COUNTA('Hoa Sen'!$B$11:$B$500) | I95: https://hoasen.edu.vn/ | J95: https://tuyensinh.hoasen.edu.vn/
A96: 95 | B96: Trường Đại học Nguyễn Tất Thành | D96: Miền Nam | E96: TP. Hồ Chí Minh | F96: TP. Hồ Chí Minh | G96: NTT | H96: =COUNTA(NTT!$B$11:$B$500) | I96: https://ntt.edu.vn/ | J96: https://tuyensinh.ntt.edu.vn/
A97: 96 | B97: Trường Đại học Văn Lang | D97: Miền Nam | E97: TP. Hồ Chí Minh | F97: TP. Hồ Chí Minh | G97: Văn Lang | H97: =COUNTA('Văn Lang'!$B$11:$B$500) | I97: https://vanlanguni.edu.vn/ | J97: https://tuyensinh.vanlanguni.edu.vn/
A98: 97 | B98: Trường Đại học Lạc Hồng | D98: Miền Nam | E98: Đồng Nai | F98: Đồng Nai | G98: Lạc Hồng | H98: =COUNTA('Lạc Hồng'!$B$11:$B$500) | I98: https://lhu.edu.vn/ | J98: https://tuyensinh.lhu.edu.vn/
A99: 98 | B99: Trường Đại học Việt - Đức (VGU) | C99: VGU | D99: Miền Nam | E99: TP. Hồ Chí Minh | F99: Bình Dương | G99: VGU | H99: =COUNTA(VGU!$B$11:$B$500) | I99: https://vgu.edu.vn/ | J99: https://tuyensinh.vgu.edu.vn/
A100: 99 | B100: Trường Đại học Thủ Dầu Một | D100: Miền Nam | E100: TP. Hồ Chí Minh | F100: Bình Dương | G100: Thủ Dầu Một | H100: =COUNTA('Thủ Dầu Một'!$B$11:$B$500) | I100: https://tdmu.edu.vn/ | J100: https://tuyensinh.tdmu.edu.vn/
...

Sheet HUST
A1: Đại học Bách khoa Hà Nội (HUST) | D1: ← Về Tổng quan
A2: Miền: | B2: Miền Bắc
A3: Tỉnh/TP (mới): | B3: Hà Nội
A4: Tỉnh/TP (cũ): | B4: Hà Nội
A5: Trang chủ: | B5: https://hust.edu.vn/
A6: Trang tuyển sinh: | B6: https://ts.hust.edu.vn/
A7: Nguồn/ghi chú: | B7: Danh sách chương trình đào tạo đại học chính quy 2026 (xét theo điểm thi THPT). Nguồn: huongnghiep.hocmai.vn/de-an/dai-hoc-bach-khoa-ha-noi (65 chương trình); FL4 lấy thêm từ diemthi.tuyensinh247.com. Trường công bố 68 chương trình, còn thiếu 2 chương trình chưa xác định. Mã là mã chương trình do trường quy định.
A10: STT | B10: Mã ngành | C10: Tên ngành (hệ chính quy)
A11: 1 | B11: BF-E12 | C11: Kỹ thuật Thực phẩm (CT tiên tiến)
A12: 2 | B12: BF-E19 | C12: Kỹ thuật sinh học (CT tiên tiến)
A13: 3 | B13: BF1 | C13: Kỹ thuật Sinh học
A14: 4 | B14: BF2 | C14: Kỹ thuật Thực phẩm
A15: 5 | B15: CH-E11 | C15: Kỹ thuật Hóa dược (CT tiên tiến)
A16: 6 | B16: CH1 | C16: Kỹ thuật Hoá học
A17: 7 | B17: CH2 | C17: Hoá học
A18: 8 | B18: ED2 | C18: Công nghệ giáo dục
A19: 9 | B19: ED3 | C19: Quản lý giáo dục
A20: 10 | B20: EE-E18 | C20: Hệ thống điện và năng lượng tái tạo (CT tiên tiến)
A21: 11 | B21: EE-E8 | C21: Kỹ thuật Điều khiển – Tự động hoá (CT tiên tiến)
A22: 12 | B22: EE-EP | C22: Tin học công nghiệp và Tự động hóa (Chương trình Việt – Pháp PFIEV)
... A76: 66 | B76: TX1 | C76: Công nghệ Dệt – May

Sheet NEU
A1: Đại học Kinh tế Quốc dân (NEU) | D1: ← Về Tổng quan
A2: Miền: | B2: Miền Bắc
A3: Tỉnh/TP (mới): | B3: Hà Nội
A4: Tỉnh/TP (cũ): | B4: Hà Nội
A5: Trang chủ: | B5: https://neu.edu.vn/
A6: Trang tuyển sinh: | B6: https://daotao.neu.edu.vn/ hoặc https://xtkh.neu.edu.vn
A7: Nguồn/ghi chú: | B7: Danh sách ngành/chương trình chính quy 2025-2026 (các mã chính). Nguồn tổng hợp từ daotao.neu.edu.vn, kenhtuyensinh.vn, thuvienphapluat.vn. Trường có ~88 mã CTĐT (gồm tiếng Anh, CLC, POHE, tiên tiến); liệt kê các mã ngành cốt lõi. Cập nhật 10/2026.
A10: STT | B10: Mã ngành | C10: Tên ngành (hệ chính quy)
A11: 1 | B11: 7220201 | C11: Ngôn ngữ Anh
A12: 2 | B12: 7310101 | C12: Kinh tế
A13: 3 | B13: 7310104 | C13: Kinh tế đầu tư
A14: 4 | B14: 7310105 | C14: Kinh tế phát triển
A15: 5 | B15: 7310106 | C15: Kinh tế quốc tế
A16: 6 | B16: 7310107 | C16: Thống kê kinh tế
A17: 7 | B17: 7310108 | C17: Toán kinh tế
A18: 8 | B18: 7320108 | C18: Quan hệ công chúng
A19: 9 | B19: 7340101 | C19: Quản trị kinh doanh
A20: 10 | B20: 7340115 | C20: Marketing
A21: 11 | B21: 7340116 | C21: Bất động sản
A22: 12 | B22: 7340120 | C22: Kinh doanh quốc tế
... A49: 39 | B49: 7340408 | C49: Quan hệ lao động

Sheet FTU
A1: Đại học Ngoại thương (FTU) | D1: ← Về Tổng quan
A2: Miền: | B2: Miền Bắc
A3: Tỉnh/TP (mới): | B3: Hà Nội
A4: Tỉnh/TP (cũ): | B4: Hà Nội
A5: Trang chủ: | B5: https://ftu.edu.vn/
A6: Trang tuyển sinh: | B6: https://tuyensinh.ftu.edu.vn/ hoặc https://thongtintuyensinh.ftu.edu.vn/
A7: Nguồn/ghi chú: | B7: Danh sách ngành/chương trình chính quy 2026 (Hà Nội + các CT chính). Nguồn: thongtintuyensinh.ftu.edu.vn, diemthi.tuyensinh247.com, các báo cáo điểm chuẩn 2026. Trường có nhiều CT (TC, CLC, TT, ĐHNNQT) thuộc các ngành trên. Cập nhật 10/2026.
A10: STT | B10: Mã ngành | C10: Tên ngành (hệ chính quy)
A11: 1 | B11: 7380101 | C11: Luật (Luật thương mại quốc tế - TC)
A12: 2 | B12: 7380109 | C12: Luật Thương mại quốc tế
A13: 3 | B13: 7310101 | C13: Kinh tế (Kinh tế đối ngoại - TC/CLC/TT)
A14: 4 | B14: 7310106 | C14: Kinh tế quốc tế
A15: 5 | B15: 7340120 | C15: Kinh doanh quốc tế (TC/CLC/TT i-Hons)
A16: 6 | B16: 7340101 | C16: Quản trị kinh doanh (TC/CLC/TT)
A17: 7 | B17: 7340201 | C17: Tài chính – Ngân hàng (TC/CLC/TT)
A18: 8 | B18: 7340301 | C18: Kế toán – Kiểm toán (TC)
A19: 9 | B19: 7810201 | C19: Quản trị khách sạn
A20: 10 | B20: 7510605 | C20: Logistics và Quản lý chuỗi cung ứng
A21: 11 | B21: 7480101 | C21: Khoa học máy tính / Khoa học dữ liệu / AI (CT mới 2026)
A22: 12 | B22: 7340115 | C22: Marketing / Truyền thông Marketing
... A24: 14 | B24: 7340122 | C24: Thương mại điện tử / Thương mại số

Sheet TMU
A1: Đại học Thương mại (TMU) | D1: ← Về Tổng quan
A2: Miền: | B2: Miền Bắc
A3: Tỉnh/TP (mới): | B3: Hà Nội
A4: Tỉnh/TP (cũ): | B4: Hà Nội
A5: Trang chủ: | B5: https://tmu.edu.vn/
A6: Trang tuyển sinh: | B6: https://tuyensinh.tmu.edu.vn/
A7: Nguồn/ghi chú: | B7: Danh sách ngành/chương trình chính quy 2026. Nguồn: tuyensinh.tmu.edu.vn (danh mục ngành 2026). Có các chương trình IPOP, chuẩn. Cập nhật 10/2026.
A10: STT | B10: Mã ngành | C10: Tên ngành (hệ chính quy)
A11: 1 | B11: TM01 | C11: Quản trị kinh doanh (Quản trị kinh doanh)
A12: 2 | B12: TM02 | C12: Quản trị kinh doanh (Quản trị kinh doanh - IPOP)
A13: 3 | B13: TM03 | C13: Quản trị kinh doanh (Khởi nghiệp và phát triển kinh doanh)
A14: 4 | B14: TM04 | C14: Quản trị khách sạn (Quản trị khách sạn)
A15: 5 | B15: TM05 | C15: Quản trị khách sạn (Quản trị khách sạn - IPOP)
A16: 6 | B16: TM06 | C16: Quản trị dịch vụ du lịch và lữ hành
A17: 7 | B17: TM07 | C17: Marketing (Marketing Thương mại)
A18: 8 | B18: TM08 | C18: Marketing (Marketing thương mại - IPOP)
A19: 9 | B19: TM09 | C19: Marketing (Marketing số)
A20: 10 | B20: TM10 | C20: Marketing (Quản trị Thương hiệu)
A21: 11 | B21: TM11 | C21: Marketing (Quản trị thương hiệu - IPOP)
A22: 12 | B22: TM12 | C22: Kế toán (Kế toán doanh nghiệp)
... A37: 27 | B37: 7480101 | C37: Khoa học máy tính (Ứng dụng trí tuệ nhân tạo trong kinh doanh)

Sheet HLU
A1: Trường Đại học Luật Hà Nội (HLU) | D1: ← Về Tổng quan
A2: Miền: | B2: Miền Bắc
A3: Tỉnh/TP (mới): | B3: Hà Nội
A4: Tỉnh/TP (cũ): | B4: Hà Nội
A5: Trang chủ: | B5: https://hlu.edu.vn/
A6: Trang tuyển sinh: | B6: https://tuyensinh.hlu.edu.vn/
A7: Nguồn/ghi chú: | B7: Danh sách ngành đào tạo đại học chính quy 2025 (Khóa 50). Nguồn: Quyết định 1650/QĐ-ĐHLHN ngày 12/6/2025 và tuyensinh.hlu.edu.vn. Cập nhật 10/2026. Năm 2026 dự kiến tương tự.
A10: STT | B10: Mã ngành | C10: Tên ngành (hệ chính quy)
A11: 1 | B11: 7380101 | C11: Luật
A12: 2 | B12: 7380107 | C12: Luật Kinh tế
A13: 3 | B13: 7380109 | C13: Luật Thương mại quốc tế
A14: 4 | B14: 7220201 | C14: Ngôn ngữ Anh
A15: 5 | B15: 7380101PH | C15: Luật (Phân hiệu Đắk Lắk)

Sheet VNU-HUS
A1: Trường Đại học Khoa học Tự nhiên - ĐHQG Hà Nội (VNU-HUS) | D1: ← Về Tổng quan
A2: Miền: | B2: Miền Bắc
A3: Tỉnh/TP (mới): | B3: Hà Nội
A4: Tỉnh/TP (cũ): | B4: Hà Nội
A5: Trang chủ: | B5: https://hus.vnu.edu.vn/
A6: Trang tuyển sinh: | B6: https://tuyensinh.hus.vnu.edu.vn/
A7: Nguồn/ghi chú: | B7: Danh sách ngành/CTĐT chính quy 2026. Nguồn: tuyensinh.hus.vnu.edu.vn (điểm chuẩn 2026) và các nguồn chính thức ĐHQGHN. Cập nhật 10/2026.
A10: STT | B10: Mã ngành | C10: Tên ngành (hệ chính quy)
A11: 1 | B11: QHT01 | C11: Toán học
A12: 2 | B12: QHT02 | C12: Toán tin
A13: 3 | B13: QHT03 | C13: Vật lý học
A14: 4 | B14: QHT04 | C14: Khoa học vật liệu
A15: 5 | B15: QHT05 | C15: Công nghệ kỹ thuật hạt nhân
A16: 6 | B16: QHT06 | C16: Hóa học
A17: 7 | B17: QHT07 | C17: Công nghệ kỹ thuật hóa học
A18: 8 | B18: QHT08 | C18: Sinh học
A19: 9 | B19: QHT09 | C19: Công nghệ sinh học
A20: 10 | B20: QHT10 | C20: Địa lý tự nhiên
A21: 11 | B21: QHT12 | C21: Quản lý đất đai
A22: 12 | B22: QHT13 | C22: Khoa học môi trường
... A37: 27 | B37: QHT98 | C37: Khoa học máy tính và thông tin

Sheet VNU-UET
A1: Trường Đại học Công nghệ - ĐHQG Hà Nội (VNU-UET) | D1: ← Về Tổng quan
A2: Miền: | B2: Miền Bắc
A3: Tỉnh/TP (mới): | B3: Hà Nội
A4: Tỉnh/TP (cũ): | B4: Hà Nội
A5: Trang chủ: | B5: https://uet.vnu.edu.vn/
A6: Trang tuyển sinh: | B6: https://tuyensinh.uet.vnu.edu.vn/
A7: Nguồn/ghi chú: | B7: Danh sách ngành chính quy 2026. Nguồn: uet.vnu.edu.vn (điểm chuẩn 2026 và danh mục ngành). Cập nhật 10/2026.
A10: STT | B10: Mã ngành | C10: Tên ngành (hệ chính quy)
A11: 1 | B11: CN1 | C11: Công nghệ thông tin
A12: 2 | B12: CN2 | C12: Kỹ thuật máy tính
A13: 3 | B13: CN3 | C13: Vật lý kỹ thuật
A14: 4 | B14: CN4 | C14: Cơ kỹ thuật
A15: 5 | B15: CN5 | C15: Công nghệ kỹ thuật xây dựng
A16: 6 | B16: CN6 | C16: Kỹ thuật cơ điện tử
A17: 7 | B17: CN7 | C17: Kỹ thuật không gian / Công nghệ hàng không vũ trụ
A18: 8 | B18: CN8 | C18: Khoa học máy tính
A19: 9 | B19: CN9 | C19: Kỹ thuật điện tử – viễn thông
A20: 10 | B20: CN10 | C20: Công nghệ nông nghiệp
A21: 11 | B21: CN11 | C21: Kỹ thuật điều khiển và tự động hoá
A22: 12 | B22: CN12 | C22: Trí tuệ nhân tạo
... A30: 20 | B30: CN21 | C30: Công nghệ sinh học

Sheet VNU-UEB
A1: Trường Đại học Kinh tế - ĐHQG Hà Nội (VNU-UEB) | D1: ← Về Tổng quan
A2: Miền: | B2: Miền Bắc
A3: Tỉnh/TP (mới): | B3: Hà Nội
A4: Tỉnh/TP (cũ): | B4: Hà Nội
A5: Trang chủ: | B5: https://ueb.vnu.edu.vn/
A6: Trang tuyển sinh: | B6: https://tuyensinh.ueb.edu.vn/
A7: Nguồn/ghi chú: | B7: Danh sách ngành chính quy 2026. Nguồn: đề án tuyển sinh UEB 2026, diemthi.tuyensinh247.com. Cập nhật 10/2026.
A10: STT | B10: Mã ngành | C10: Tên ngành (hệ chính quy)
A11: 1 | B11: 7310101 | C11: Kinh tế
A12: 2 | B12: 7310105 | C12: Kinh tế phát triển
A13: 3 | B13: 7310106 | C13: Kinh tế quốc tế
A14: 4 | B14: 7340101 | C14: Quản trị kinh doanh
A15: 5 | B15: 7340201 | C15: Tài chính – Ngân hàng
A16: 6 | B16: 7340301 | C16: Kế toán
A17: 7 | B17: 7340101.68 | C17: Quản trị kinh doanh (ĐH Troy - Hoa Kỳ)
A18: 8 | B18: 7340101.98 | C18: Quản trị kinh doanh (ĐH St. Francis - Hoa Kỳ)

Sheet VNU-USSH
A1: Trường Đại học Khoa học Xã hội và Nhân văn - ĐHQG Hà Nội (VNU-USSH) | D1: ← Về Tổng quan
A2: Miền: | B2: Miền Bắc
A3: Tỉnh/TP (mới): | B3: Hà Nội
A4: Tỉnh/TP (cũ): | B4: Hà Nội
A5: Trang chủ: | B5: https://ussh.vnu.edu.vn/
A6: Trang tuyển sinh: | B6: https://tuyensinh.ussh.edu.vn/
A7: Nguồn/ghi chú: | B7: Danh sách ngành chính quy 2025-2026. Nguồn: điểm chuẩn 2026 và danh mục ngành USSH. Cập nhật 10/2026.
A10: STT | B10: Mã ngành | C10: Tên ngành (hệ chính quy)
A11: 1 | B11: QHX01 | C11: Báo chí
A12: 2 | B12: QHX02 | C12: Chính trị học
A13: 3 | B13: QHX03 | C13: Công tác xã hội
A14: 4 | B14: QHX04 | C14: Điện ảnh và nghệ thuật đại chúng
A15: 5 | B15: QHX05 | C15: Đông Nam Á học
A16: 6 | B16: QHX06 | C16: Đông phương học
A17: 7 | B17: QHX07 | C17: Hán Nôm
A18: 8 | B18: QHX08 | C18: Hàn Quốc học
A19: 9 | B19: QHX09 | C19: Khoa học quản lý
A20: 10 | B20: QHX10 | C20: Lịch sử
A21: 11 | B21: QHX11 | C21: Lưu trữ học
A22: 12 | B22: QHX12 | C22: Ngôn ngữ học
... A38: 28 | B38: QHX28 | C38: Xã hội học

Sheet VNU-ULIS
A1: Trường Đại học Ngoại ngữ - ĐHQG Hà Nội (VNU-ULIS) | D1: ← Về Tổng quan
A2: Miền: | B2: Miền Bắc
A3: Tỉnh/TP (mới): | B3: Hà Nội
A4: Tỉnh/TP (cũ): | B4: Hà Nội
A5: Trang chủ: | B5: https://ulis.vnu.edu.vn/
A6: Trang tuyển sinh: | B6: https://tuyensinh.ulis.vnu.edu.vn/
A7: Nguồn/ghi chú: | B7: Danh sách ngành chính quy 2025-2026. Nguồn: đề án ULIS và các trang tuyển sinh. Cập nhật 10/2026.
A10: STT | B10: Mã ngành | C10: Tên ngành (hệ chính quy)
A11: 1 | B11: 7140231 | C11: Sư phạm tiếng Anh
A12: 2 | B12: 7140234 | C12: Sư phạm tiếng Trung Quốc
A13: 3 | B13: 7140235 | C13: Sư phạm tiếng Đức
A14: 4 | B14: 7140236 | C14: Sư phạm tiếng Nhật
A15: 5 | B15: 7140237 | C15: Sư phạm tiếng Hàn Quốc
A16: 6 | B16: 7220101 | C16: Tiếng Việt và Văn hóa Việt Nam
A17: 7 | B17: 7220201 | C17: Ngôn ngữ Anh
A18: 8 | B18: 7220202 | C18: Ngôn ngữ Nga
A19: 9 | B19: 7220203 | C19: Ngôn ngữ Pháp
A20: 10 | B20: 7220204 | C20: Ngôn ngữ Trung Quốc
A21: 11 | B21: 7220205 | C21: Ngôn ngữ Đức
A22: 12 | B22: 7220209 | C22: Ngôn ngữ Nhật
... A26: 16 | B26: 7320107 | C26: Truyền thông quốc tế

Sheet VNU-UED
A1: Trường Đại học Giáo dục - ĐHQG Hà Nội (VNU-UED) | D1: ← Về Tổng quan
A2: Miền: | B2: Miền Bắc
A3: Tỉnh/TP (mới): | B3: Hà Nội
A4: Tỉnh/TP (cũ): | B4: Hà Nội
A5: Trang chủ: | B5: https://education.vnu.edu.vn/
A6: Trang tuyển sinh: | B6: https://education.vnu.edu.vn/
A7: Nguồn/ghi chú: | B7: Danh sách ngành chính quy 2026. Nguồn: các trang tuyển sinh UED/ĐHQGHN. Cập nhật 10/2026.
A10: STT | B10: Mã ngành | C10: Tên ngành (hệ chính quy)
A11: 1 | B11: 7140209 | C11: Sư phạm Toán học
A12: 2 | B12: 7140211 | C12: Sư phạm Vật lí
A13: 3 | B13: 7140212 | C13: Sư phạm Hóa học
A14: 4 | B14: 7140213 | C14: Sư phạm Sinh học
A15: 5 | B15: 7140247 | C15: Sư phạm Khoa học Tự nhiên
A16: 6 | B16: 7140217 | C16: Sư phạm Ngữ văn
A17: 7 | B17: 7140218 | C17: Sư phạm Lịch sử
A18: 8 | B18: 7140249 | C18: Sư phạm Lịch sử - Địa lý
A19: 9 | B19: 7140201 | C19: Giáo dục Mầm non
A20: 10 | B20: 7140202 | C20: Giáo dục Tiểu học
A21: 11 | B21: 7140102 | C21: Khoa học giáo dục
A22: 12 | B22: 7140103 | C22: Quản trị chất lượng giáo dục
... A26: 16 | B26: 7310402 | C26: Tham vấn học đường

Sheet HUCE
A1: Đại học Xây dựng Hà Nội (HUCE) | D1: ← Về Tổng quan
A2: Miền: | B2: Miền Bắc
A3: Tỉnh/TP (mới): | B3: Hà Nội
A4: Tỉnh/TP (cũ): | B4: Hà Nội
A5: Trang chủ: | B5: https://huce.edu.vn/
A6: Trang tuyển sinh: | B6: https://tuyensinh.huce.edu.vn/
A7: Nguồn/ghi chú: | B7: Danh sách ngành/chuyên ngành chính quy 2026 (từ bảng điểm chuẩn). Nguồn: thông báo điểm chuẩn HUCE 2026. Cập nhật 10/2026.
A10: STT | B10: Mã ngành | C10: Tên ngành (hệ chính quy)
A11: 1 | B11: XDA01 | C11: Kiến trúc
A12: 2 | B12: XDA02 | C12: Kiến trúc / Kiến trúc công nghệ
A13: 3 | B13: XDA03 | C13: Kiến trúc cảnh quan
A14: 4 | B14: XDA04 | C14: Kiến trúc nội thất
A15: 5 | B15: XDA05 | C15: Quy hoạch vùng và đô thị
A16: 6 | B16: XDA06 | C16: Mỹ thuật đô thị
A17: 7 | B17: XDA07 | C17: Kỹ thuật xây dựng
A18: 8 | B18: XDA08 | C18: Kỹ thuật xây dựng / Xây dựng dân dụng và công nghiệp
A19: 9 | B19: XDA09 | C19: Kỹ thuật xây dựng / Hệ thống kỹ thuật trong công trình
A20: 10 | B20: XDA10 | C20: Kỹ thuật xây dựng / Tin học xây dựng
A21: 11 | B21: XDA11 | C21: Kỹ thuật xây dựng / Kỹ thuật công trình biển
A22: 12 | B22: XDA12 | C22: Kỹ thuật xây dựng công trình thủy
... A40: 30 | B40: XDA41 | C40: Nghệ thuật và thiết kế

Sheet HAU
A1: Trường Đại học Kiến trúc Hà Nội (HAU) | D1: ← Về Tổng quan
A2: Miền: | B2: Miền Bắc
A3: Tỉnh/TP (mới): | B3: Hà Nội
A4: Tỉnh/TP (cũ): | B4: Hà Nội
A5: Trang chủ: | B5: https://hau.edu.vn/
A6: Trang tuyển sinh: | B6: https://tuyensinh.hau.edu.vn/
A7: Nguồn/ghi chú: | B7: Danh sách ngành/chuyên ngành chính quy 2026. Nguồn: thông báo điểm chuẩn HAU 2026 và danh mục ngành. Cập nhật 10/2026.
A10: STT | B10: Mã ngành | C10: Tên ngành (hệ chính quy)
A11: 1 | B11: 7580101 | C11: Kiến trúc
A12: 2 | B12: 7580101_1 | C12: Kiến trúc (Chương trình tiên tiến)
A13: 3 | B13: 7580102 | C13: Kiến trúc cảnh quan
A14: 4 | B14: 7580105 | C14: Quy hoạch vùng và đô thị
A15: 5 | B15: 7580105_1 | C15: Quy hoạch vùng và đô thị (Thiết kế đô thị)
A16: 6 | B16: 7210105 | C16: Điêu khắc
A17: 7 | B17: 7210105_1 | C17: Mỹ thuật đô thị
A18: 8 | B18: 7580210 | C18: Kỹ thuật cơ sở hạ tầng (Hạ tầng đô thị)
A19: 9 | B19: 7580210_1 | C19: Kỹ thuật cơ sở hạ tầng (Môi trường đô thị)
A20: 10 | B20: 7580210_2 | C20: Kỹ thuật cơ sở hạ tầng (Công nghệ cơ điện công trình)
A21: 11 | B21: 7580213 | C21: Kỹ thuật cấp thoát nước
A22: 12 | B22: 7210403 | C22: Thiết kế đồ họa
... A38: 28 | B38: 7310105 | C38: Kinh tế phát triển

Sheet TLU
A1: Trường Đại học Thủy lợi (TLU) | D1: ← Về Tổng quan
A2: Miền: | B2: Miền Bắc
A3: Tỉnh/TP (mới): | B3: Hà Nội
A4: Tỉnh/TP (cũ): | B4: Hà Nội
A5: Trang chủ: | B5: https://tlu.edu.vn/
A6: Trang tuyển sinh: | B6: https://tuyensinh.tlu.edu.vn/
A7: Nguồn/ghi chú: | B7: Danh sách ngành chính quy 2026. Nguồn: đề án và danh mục ngành TLU. Cập nhật 10/2026.
A10: STT | B10: Mã ngành | C10: Tên ngành (hệ chính quy)
A11: 1 | B11: TLA101 | C11: Kỹ thuật xây dựng công trình thủy
A12: 2 | B12: TLA102 | C12: Kỹ thuật tài nguyên nước
A13: 3 | B13: TLA103 | C13: Tài nguyên nước và môi trường (Thủy văn học)
A14: 4 | B14: TLA104 | C14: Kỹ thuật xây dựng dân dụng và công nghiệp
A15: 5 | B15: TLA105 | C15: Kỹ thuật cơ khí
A16: 6 | B16: TLA106 | C16: Công nghệ thông tin
A17: 7 | B17: TLA107 | C17: Kỹ thuật cấp thoát nước
A18: 8 | B18: TLA109 | C18: Kỹ thuật môi trường
A19: 9 | B19: TLA110 | C19: Kỹ thuật cơ sở hạ tầng
A20: 10 | B20: TLA111 | C20: Công nghệ kỹ thuật xây dựng
A21: 11 | B21: TLA112 | C21: Kỹ thuật điện
A22: 12 | B22: TLA113 | C22: Kỹ thuật xây dựng công trình giao thông
... A48: 38 | B48: TLA410 | C48: Kinh tế số

Sheet HUMG
A1: Trường Đại học Mỏ - Địa chất (HUMG) | D1: ← Về Tổng quan
A2: Miền: | B2: Miền Bắc
A3: Tỉnh/TP (mới): | B3: Hà Nội
A4: Tỉnh/TP (cũ): | B4: Hà Nội
A5: Trang chủ: | B5: https://humg.edu.vn/
A6: Trang tuyển sinh: | B6: https://tuyensinh.humg.edu.vn/
A7: Nguồn/ghi chú: | B7: Danh sách ngành chính quy 2025-2026. Nguồn: danh mục ngành HUMG. Cập nhật 10/2026.
A10: STT | B10: Mã ngành | C10: Tên ngành (hệ chính quy)
A11: 1 | B11: 7440201 | C11: Địa chất học
A12: 2 | B12: 7440229 | C12: Quản lý và phân tích dữ liệu khoa học trái đất
A13: 3 | B13: 7460108 | C13: Khoa học dữ liệu
A14: 4 | B14: 7480201 | C14: Công nghệ thông tin
A15: 5 | B15: 7480206 | C15: Địa tin học
A16: 6 | B16: 7510401 | C16: Công nghệ kỹ thuật hóa học
A17: 7 | B17: 7520103 | C17: Kỹ thuật cơ khí
A18: 8 | B18: 7520107 | C18: Kỹ thuật Robot
A19: 9 | B19: 7520114 | C19: Kỹ thuật cơ điện tử
A20: 10 | B20: 7520201 | C20: Kỹ thuật điện
A21: 11 | B21: 7520216 | C21: Kỹ thuật điều khiển và tự động hóa
A22: 12 | B22: 7520301 | C22: Kỹ thuật hóa học (CT tiên tiến)
... A44: 34 | B44: 7220204 | C44: Ngôn ngữ Trung Quốc

Sheet EPU
A1: Đại học Điện lực (EPU) | D1: ← Về Tổng quan
A2: Miền: | B2: Miền Bắc
A3: Tỉnh/TP (mới): | B3: Hà Nội
A4: Tỉnh/TP (cũ): | B4: Hà Nội
A5: Trang chủ: | B5: https://epu.edu.vn/
A6: Trang tuyển sinh: | B6: https://tuyensinh.epu.edu.vn/
A7: Nguồn/ghi chú: | B7: Danh sách ngành chính quy 2025-2026. Nguồn: các trang tuyển sinh EPU. Cập nhật 10/2026.
A10: STT | B10: Mã ngành | C10: Tên ngành (hệ chính quy)
A11: 1 | B11: 7510301 | C11: Công nghệ kỹ thuật điện, điện tử
A12: 2 | B12: 7510303 | C12: Công nghệ kỹ thuật điều khiển và tự động hoá
A13: 3 | B13: 7510302 | C13: Công nghệ kỹ thuật điện tử - viễn thông
A14: 4 | B14: 7480201 | C14: Công nghệ thông tin
A15: 5 | B15: 7480107 | C15: Trí tuệ nhân tạo
A16: 6 | B16: 7480106 | C16: Kỹ thuật máy tính
A17: 7 | B17: 7510203 | C17: Công nghệ kỹ thuật cơ điện tử
A18: 8 | B18: 7510201 | C18: Công nghệ kỹ thuật cơ khí
A19: 9 | B19: 7510205 | C19: Công nghệ kỹ thuật ô tô
A20: 10 | B20: 7520115 | C20: Kỹ thuật nhiệt
A21: 11 | B21: 7520107 | C21: Kỹ thuật Robot
A22: 12 | B22: 7340101 | C22: Quản trị kinh doanh
... A33: 23 | B33: 7220201 | C33: Ngôn ngữ Anh

Sheet HaUI
A1: Trường Đại học Công nghiệp Hà Nội (HaUI) | D1: ← Về Tổng quan
A2: Miền: | B2: Miền Bắc
A3: Tỉnh/TP (mới): | B3: Hà Nội
A4: Tỉnh/TP (cũ): | B4: Hà Nội
A5: Trang chủ: | B5: https://haui.edu.vn/
A6: Trang tuyển sinh: | B6: https://tuyensinh.haui.edu.vn/
A7: Nguồn/ghi chú: | B7: Danh sách ngành/chương trình đào tạo đại học chính quy 2026 (theo bảng xét tuyển kết hợp). Nguồn: huongnghiep.hocmai.vn/de-an/truong-dai-hoc-cong-nghiep-ha-noi. Trường công bố 71 ngành/chương trình, nguồn liệt kê 70 -> còn thiếu 1 chương trình chưa xác định.
A10: STT | B10: Mã ngành | C10: Tên ngành (hệ chính quy)
A11: 1 | B11: 7210404 | C11: Thiết kế thời trang
A12: 2 | B12: 7220201 | C12: Ngôn ngữ Anh
A13: 3 | B13: 7220204 | C13: Ngôn ngữ Trung Quốc
A14: 4 | B14: 7220204LK | C14: Ngôn ngữ Trung Quốc (LK2+2 với ĐHKHKT Quảng Tây)
A15: 5 | B15: 7220209 | C15: Ngôn ngữ Nhật
A16: 6 | B16: 7220210 | C16: Ngôn ngữ Hàn Quốc
A17: 7 | B17: 7229020 | C17: Ngôn ngữ học
A18: 8 | B18: 7310104 | C18: Kinh tế đầu tư
A19: 9 | B19: 7310612 | C19: Trung Quốc học
A20: 10 | B20: 7340101 | C20: Quản trị kinh doanh
A21: 11 | B21: 73401012 | C21: Phân tích dữ liệu kinh doanh
A22: 12 | B22: 7340101TA | C22: Quản trị kinh doanh (CTĐT bằng Tiếng Anh)
... A80: 70 | B80: 7810202TA | C80: Quản trị nhà hàng và dịch vụ ăn uống (CTĐT bằng tiếng Anh)

Sheet PTIT
A1: Học viện Công nghệ Bưu chính Viễn thông (PTIT) | D1: ← Về Tổng quan
A2: Miền: | B2: Miền Bắc
A3: Tỉnh/TP (mới): | B3: Hà Nội
A4: Tỉnh/TP (cũ): | B4: Hà Nội
A5: Trang chủ: | B5: https://ptit.edu.vn/
A6: Trang tuyển sinh: | B6: https://tuyensinh.ptit.edu.vn/
A7: Nguồn/ghi chú: | B7: Danh sách ngành/chương trình chính quy 2026 (cơ sở Hà Nội). Nguồn: ptit.edu.vn và các trang tuyển sinh. Cập nhật 10/2026.
A10: STT | B10: Mã ngành | C10: Tên ngành (hệ chính quy)
A11: 1 | B11: 7520207 | C11: Kỹ thuật Điện tử viễn thông
A12: 2 | B12: 7520207AT | C12: Trí tuệ nhân tạo vạn vật (AIoT)
A13: 3 | B13: 7520216 | C13: Kỹ thuật Điều khiển và tự động hóa
A14: 4 | B14: 7510301 | C14: Công nghệ Kỹ thuật Điện, điện tử
A15: 5 | B15: 7510301VM | C15: Công nghệ vi mạch bán dẫn
A16: 6 | B16: 7480201 | C16: Công nghệ thông tin
A17: 7 | B17: 7480107 | C17: Trí tuệ nhân tạo
A18: 8 | B18: 7480202 | C18: An toàn thông tin
A19: 9 | B19: 7480101 | C19: Khoa học máy tính / Khoa học dữ liệu
A20: 10 | B20: 7480102 | C20: Kỹ thuật dữ liệu
A21: 11 | B21: 7520208 | C21: Công nghệ Internet vạn vật (IoT)
A22: 12 | B22: 7340101 | C22: Quản trị kinh doanh
... A27: 17 | B27: 7329001 | C27: Công nghệ đa phương tiện

Sheet KMA
A1: Học viện Kỹ thuật Mật mã (KMA) | D1: ← Về Tổng quan
A2: Miền: | B2: Miền Bắc
A3: Tỉnh/TP (mới): | B3: Hà Nội
A4: Tỉnh/TP (cũ): | B4: Hà Nội
A5: Trang chủ: | B5: https://actvn.edu.vn/
A6: Trang tuyển sinh: | B6: https://tuyensinh.actvn.edu.vn/
A7: Nguồn/ghi chú: | B7: Danh sách ngành chính quy 2026 (3 ngành chính). Nguồn: actvn.edu.vn và các trang tuyển sinh. Cập nhật 10/2026.
A10: STT | B10: Mã ngành | C10: Tên ngành (hệ chính quy)
A11: 1 | B11: 7480201 | C11: Công nghệ thông tin
A12: 2 | B12: 7480202 | C12: An toàn thông tin
A13: 3 | B13: 7520207 | C13: Kỹ thuật Điện tử – Viễn thông

Sheet HV Tài chính (AOF)
A1: Học viện Tài chính (AOF) | D1: ← Về Tổng quan
A2: Miền: | B2: Miền Bắc
A3: Tỉnh/TP (mới): | B3: Hà Nội
A4: Tỉnh/TP (cũ): | B4: Hà Nội
A5: Trang chủ: | B5: https://hvtc.edu.vn/
A6: Trang tuyển sinh: | B6: https://tuyensinh.hvtc.edu.vn/
A7: Nguồn/ghi chú: | B7: Danh sách ngành chính quy 2025-2026. Nguồn: các trang tuyển sinh HV Tài chính. Cập nhật 10/2026.
A10: STT | B10: Mã ngành | C10: Tên ngành (hệ chính quy)
A11: 1 | B11: 7220201 | C11: Ngôn ngữ Anh (Tiếng Anh tài chính kế toán)
A12: 2 | B12: 7310101 | C12: Kinh tế và quản lý nguồn lực tài chính
A13: 3 | B13: 7310102 | C13: Kinh tế chính trị - tài chính
A14: 4 | B14: 7310104 | C14: Kinh tế đầu tư
A15: 5 | B15: 7310108 | C15: Toán tài chính
A16: 6 | B16: 7340101 | C16: Quản trị doanh nghiệp / Quản trị kinh doanh
A17: 7 | B17: 7340115 | C17: Marketing
A18: 8 | B18: 7340116 | C18: Thẩm định giá và kinh doanh bất động sản
A19: 9 | B19: 7340120 | C19: Kinh doanh quốc tế
A20: 10 | B20: 7340201 | C20: Tài chính - Ngân hàng (các chuyên ngành)
A21: 11 | B21: 7340204 | C21: Tài chính bảo hiểm
A22: 12 | B22: 7340301 | C22: Kế toán (doanh nghiệp, công)
A23: 13 | B23: 7340302 | C23: Kiểm toán

Sheet HV Ngân hàng (BA)
A1: Học viện Ngân hàng (BA) | D1: ← Về Tổng quan
A2: Miền: | B2: Miền Bắc
A3: Tỉnh/TP (mới): | B3: Hà Nội
A4: Tỉnh/TP (cũ): | B4: Hà Nội
A5: Trang chủ: | B5: https://hvnh.edu.vn/
A6: Trang tuyển sinh: | B6: https://tuyensinh.hvnh.edu.vn/
A7: Nguồn/ghi chú: | B7: Danh sách ngành/chương trình chính quy 2026. Nguồn: các trang tuyển sinh HV Ngân hàng. Cập nhật 10/2026.
A10: STT | B10: Mã ngành | C10: Tên ngành (hệ chính quy)
A11: 1 | B11: ACT01 | C11: Kế toán (Chất lượng cao)
A12: 2 | B12: ACT02 | C12: Kế toán
A13: 3 | B13: ACT03 | C13: Kế toán (Liên kết ĐH Sunderland)
A14: 4 | B14: ACT04 | C14: Kiểm toán
A15: 5 | B15: ACT05 | C15: Kiểm toán (Chất lượng cao)
A16: 6 | B16: ACT06 | C16: Kế toán (Định hướng Nhật Bản)
A17: 7 | B17: BANK01 | C17: Ngân hàng (Chất lượng cao)
A18: 8 | B18: BANK02 | C18: Ngân hàng
A19: 9 | B19: BANK03 | C19: Ngân hàng số
A20: 10 | B20: BANK04 | C20: Tài chính-Ngân hàng (Liên kết Sunderland)
A21: 11 | B21: BANK06 | C21: Ngân hàng và Tài chính quốc tế (CLC)
A22: 12 | B22: BANK07 | C22: Ngân hàng trung ương và chính sách công (CLC)
... A31: 21 | B31: DS01 | C31: Khoa học dữ liệu trong kinh tế và kinh doanh

Sheet HV Ngoại giao (DAV)
A1: Học viện Ngoại giao (DAV) | D1: ← Về Tổng quan
A2: Miền: | B2: Miền Bắc
A3: Tỉnh/TP (mới): | B3: Hà Nội
A4: Tỉnh/TP (cũ): | B4: Hà Nội
A5: Trang chủ: | B5: https://dav.edu.vn/
A6: Trang tuyển sinh: | B6: https://tuyensinh.dav.edu.vn/
A7: Nguồn/ghi chú: | B7: Danh sách ngành chính quy 2026. Nguồn: điểm chuẩn và danh mục DAV. Cập nhật 10/2026.
A10: STT | B10: Mã ngành | C10: Tên ngành (hệ chính quy)
A11: 1 | B11: HQT01 | C11: Quan hệ quốc tế
A12: 2 | B12: HQT02 | C12: Ngôn ngữ Anh
A13: 3 | B13: HQT03 | C13: Kinh tế quốc tế
A14: 4 | B14: HQT04 | C14: Luật quốc tế
A15: 5 | B15: HQT05 | C15: Truyền thông quốc tế
A16: 6 | B16: HQT06 | C16: Kinh doanh quốc tế
A17: 7 | B17: HQT07 | C17: Luật thương mại quốc tế
A18: 8 | B18: HQT08 | C18: Hàn Quốc học
A19: 9 | B19: HQT09 | C19: Hoa Kỳ học
A20: 10 | B20: HQT10 | C20: Nhật Bản học
A21: 11 | B21: HQT11 | C21: Trung Quốc học

Sheet HMU
A1: Đại học Y Hà Nội (HMU) | D1: ← Về Tổng quan
A2: Miền: | B2: Miền Bắc
A3: Tỉnh/TP (mới): | B3: Hà Nội
A4: Tỉnh/TP (cũ): | B4: Hà Nội
A5: Trang chủ: | B5: https://hmu.edu.vn/
A6: Trang tuyển sinh: | B6: https://hmu.edu.vn/ (mục Tuyển sinh)
A7: Nguồn/ghi chú: | B7: Danh sách ngành chính quy 2026. Nguồn: đề án và điểm chuẩn HMU. Cập nhật 10/2026.
A10: STT | B10: Mã ngành | C10: Tên ngành (hệ chính quy)
A11: 1 | B11: 7720101 | C11: Y khoa
A12: 2 | B12: 7720101YHT | C12: Y khoa (Phân hiệu Thanh Hóa)
A13: 3 | B13: 7720501 | C13: Răng-Hàm-Mặt
A14: 4 | B14: 7720115 | C14: Y học cổ truyền
A15: 5 | B15: 7720110 | C15: Y học dự phòng
A16: 6 | B16: 7720301 | C16: Điều dưỡng (Chương trình tiên tiến)
A17: 7 | B17: 7720301YHT | C17: Điều dưỡng (Phân hiệu Thanh Hóa)
A18: 8 | B18: 7720302 | C18: Hộ sinh
A19: 9 | B19: 7720502 | C19: Kỹ thuật phục hình răng
A20: 10 | B20: 7720601 | C20: Kỹ thuật xét nghiệm y học
A21: 11 | B21: 7720602 | C21: Kỹ thuật hình ảnh y học
A22: 12 | B22: 7720603 | C22: Kỹ thuật phục hồi chức năng
... A27: 17 | B27: 7760101 | C27: Công tác xã hội

Sheet HUP
A1: Đại học Dược Hà Nội (HUP) | D1: ← Về Tổng quan
A2: Miền: | B2: Miền Bắc
A3: Tỉnh/TP (mới): | B3: Hà Nội
A4: Tỉnh/TP (cũ): | B4: Hà Nội
A5: Trang chủ: | B5: https://hup.edu.vn/
A6: Trang tuyển sinh: | B6: https://tuyensinh.hup.edu.vn/
A7: Nguồn/ghi chú: | B7: Danh sách ngành chính quy 2025-2026. Nguồn: đề án HUP. Cập nhật 10/2026.
A10: STT | B10: Mã ngành | C10: Tên ngành (hệ chính quy)
A11: 1 | B11: 7720201 | C11: Dược học
A12: 2 | B12: 7720203 | C12: Hóa dược
A13: 3 | B13: 7440112 | C13: Hóa học
A14: 4 | B14: 7420201 | C14: Công nghệ sinh học

Sheet HUPH
A1: Đại học Y tế Công cộng (HUPH) | D1: ← Về Tổng quan
A2: Miền: | B2: Miền Bắc
A3: Tỉnh/TP (mới): | B3: Hà Nội
A4: Tỉnh/TP (cũ): | B4: Hà Nội
A5: Trang chủ: | B5: https://huph.edu.vn/
A6: Trang tuyển sinh: | B6: https://tuyensinh.huph.edu.vn/
A7: Nguồn/ghi chú: | B7: Danh sách ngành chính quy 2026. Nguồn: các trang tuyển sinh HUPH. Cập nhật 10/2026.
A10: STT | B10: Mã ngành | C10: Tên ngành (hệ chính quy)
A11: 1 | B11: 7460108 | C11: Khoa học dữ liệu
A12: 2 | B12: 7720401 | C12: Dinh dưỡng
A13: 3 | B13: 7720601 | C13: Kỹ thuật xét nghiệm y học
A14: 4 | B14: 7720603 | C14: Kỹ thuật phục hồi chức năng
A15: 5 | B15: 7720701 | C15: Y tế công cộng
A16: 6 | B16: 7760101 | C16: Công tác xã hội

Sheet HUC
A1: Trường Đại học Văn hóa Hà Nội (HUC) | D1: ← Về Tổng quan
A2: Miền: | B2: Miền Bắc
A3: Tỉnh/TP (mới): | B3: Hà Nội
A4: Tỉnh/TP (cũ): | B4: Hà Nội
A5: Trang chủ: | B5: https://huc.edu.vn/
A6: Trang tuyển sinh: | B6: https://tuyensinh.huc.edu.vn/
A7: Nguồn/ghi chú: | B7: Danh sách ngành/chuyên ngành chính quy 2026. Nguồn: các trang tuyển sinh HUC. Cập nhật 10/2026.
A10: STT | B10: Mã ngành | C10: Tên ngành (hệ chính quy)
A11: 1 | B11: 7220110 | C11: Sáng tác văn học
A12: 2 | B12: 7220201 | C12: Ngôn ngữ Anh
A13: 3 | B13: 7229040A | C13: Nghiên cứu văn hóa
A14: 4 | B14: 7229040B | C14: Văn hóa truyền thông
A15: 5 | B15: 7229040C | C15: Văn hóa đối ngoại
A16: 6 | B16: 7229042A | C16: Phát triển công nghiệp văn hóa
A17: 7 | B17: 7229042B | C17: Quản lý di sản văn hóa
A18: 8 | B18: 7229042C | C18: Tổ chức hoạt động nghệ thuật
A19: 9 | B19: 7229042D | C19: Tổ chức sự kiện văn hóa
A20: 10 | B20: 7320101 | C20: Báo chí
A21: 11 | B21: 7320201A | C21: Quản trị thư viện
A22: 12 | B22: 7320201B | C22: Thư viện và thiết bị trường học
... A31: 21 | B31: 7810103B | C31: Quản trị du lịch cộng đồng

Sheet HOU
A1: Trường Đại học Mở Hà Nội (HOU) | D1: ← Về Tổng quan
A2: Miền: | B2: Miền Bắc
A3: Tỉnh/TP (mới): | B3: Hà Nội
A4: Tỉnh/TP (cũ): | B4: Hà Nội
A5: Trang chủ: | B5: https://hou.edu.vn/
A6: Trang tuyển sinh: | B6: https://tuyensinh.hou.edu.vn/
A7: Nguồn/ghi chú: | B7: Danh sách ngành chính quy 2026. Nguồn: các trang tuyển sinh HOU. Cập nhật 10/2026.
A10: STT | B10: Mã ngành | C10: Tên ngành (hệ chính quy)
A11: 1 | B11: 7210403 | C11: Thiết kế đồ họa
A12: 2 | B12: 7210404 | C12: Thiết kế thời trang
A13: 3 | B13: 7220201 | C13: Ngôn ngữ Anh
A14: 4 | B14: 7220204 | C14: Ngôn ngữ Trung Quốc
A15: 5 | B15: 7340101 | C15: Quản trị kinh doanh
A16: 6 | B16: 7340122 | C16: Thương mại điện tử
A17: 7 | B17: 7340201 | C17: Tài chính - Ngân hàng
A18: 8 | B18: 7340204 | C18: Bảo hiểm
A19: 9 | B19: 7340301 | C19: Kế toán
A20: 10 | B20: 7380101 | C20: Luật
A21: 11 | B21: 7380107 | C21: Luật kinh tế
A22: 12 | B22: 7380108 | C22: Luật quốc tế
... A32: 22 | B32: 7810201 | C32: Quản trị khách sạn

Sheet ULSA
A1: Trường Đại học Lao động - Xã hội (ULSA) | D1: ← Về Tổng quan
A2: Miền: | B2: Miền Bắc
A3: Tỉnh/TP (mới): | B3: Hà Nội
A4: Tỉnh/TP (cũ): | B4: Hà Nội
A5: Trang chủ: | B5: https://ulsa.edu.vn/
A6: Trang tuyển sinh: | B6: https://tuyensinh.ulsa.edu.vn/
A7: Nguồn/ghi chú: | B7: Danh sách ngành chính quy 2025-2026. Nguồn: các trang tuyển sinh ULSA. Cập nhật 10/2026.
A10: STT | B10: Mã ngành | C10: Tên ngành (hệ chính quy)
A11: 1 | B11: 7220201 | C11: Ngôn ngữ Anh
A12: 2 | B12: 7310101 | C12: Kinh tế
A13: 3 | B13: 7310401 | C13: Tâm lý học
A14: 4 | B14: 7340101 | C14: Quản trị kinh doanh
A15: 5 | B15: 7340201 | C15: Tài chính - Ngân hàng
A16: 6 | B16: 7340204 | C16: Bảo hiểm
A17: 7 | B17: 7340207 | C17: Bảo hiểm - Tài chính
A18: 8 | B18: 7340301 | C18: Kế toán
A19: 9 | B19: 7340302 | C19: Kiểm toán
A20: 10 | B20: 7340404 | C20: Quản trị nhân lực
A21: 11 | B21: 7340405 | C21: Hệ thống thông tin quản lý
A22: 12 | B22: 7380107 | C22: Luật kinh tế
... A25: 15 | B25: 7810103 | C25: Quản trị dịch vụ du lịch và Lữ hành

Sheet UTC
A1: Trường Đại học Giao thông Vận tải (UTC) | D1: ← Về Tổng quan
A2: Miền: | B2: Miền Bắc
A3: Tỉnh/TP (mới): | B3: Hà Nội
A4: Tỉnh/TP (cũ): | B4: Hà Nội
A5: Trang chủ: | B5: https://utc.edu.vn/
A6: Trang tuyển sinh: | B6: https://tuyensinh.utc.edu.vn/
A7: Nguồn/ghi chú: | B7: Danh sách ngành chính quy 2026. Nguồn: các trang tuyển sinh UTC. Cập nhật 10/2026.
A10: STT | B10: Mã ngành | C10: Tên ngành (hệ chính quy)
A11: 1 | B11: 7220201 | C11: Ngôn ngữ Anh
A12: 2 | B12: 7460112 | C12: Toán ứng dụng
A13: 3 | B13: 7310101 | C13: Kinh tế
A14: 4 | B14: 7340101 | C14: Quản trị kinh doanh
A15: 5 | B15: 7340201 | C15: Tài chính - Ngân hàng
A16: 6 | B16: 7340301 | C16: Kế toán
A17: 7 | B17: 7510605 | C17: Logistics và Quản lý chuỗi cung ứng
A18: 8 | B18: 7810103 | C18: Quản trị dịch vụ du lịch và lữ hành
A19: 9 | B19: 7840101 | C19: Khai thác vận tải
A20: 10 | B20: 7840104 | C20: Kinh tế vận tải
A21: 11 | B21: 7580301 | C21: Kinh tế xây dựng
A22: 12 | B22: 7580302 | C22: Quản lý xây dựng
... A41: 31 | B41: 7580210 | C41: Kỹ thuật cơ sở hạ tầng

Sheet USTH
A1: Trường Đại học Khoa học và Công nghệ Hà Nội (USTH) | D1: ← Về Tổng quan
A2: Miền: | B2: Miền Bắc
A3: Tỉnh/TP (mới): | B3: Hà Nội
A4: Tỉnh/TP (cũ): | B4: Hà Nội
A5: Trang chủ: | B5: https://usth.edu.vn/
A6: Trang tuyển sinh: | B6: https://tuyensinh.usth.edu.vn/
A7: Nguồn/ghi chú: | B7: Danh sách ngành chính quy 2026. Nguồn: tuyensinh.usth.edu.vn. Cập nhật 10/2026.
A10: STT | B10: Mã ngành | C10: Tên ngành (hệ chính quy)
A11: 1 | B11: 7420201 | C11: Công nghệ sinh học – Phát triển thuốc
A12: 2 | B12: 7440112 | C12: Hóa học
A13: 3 | B13: 7440122 | C13: Khoa học vật liệu tiên tiến và Công nghệ Nano
A14: 4 | B14: 7440301 | C14: Khoa học Môi trường Ứng dụng
A15: 5 | B15: 7460108 | C15: Khoa học dữ liệu
A16: 6 | B16: 7460112 | C16: Toán ứng dụng
A17: 7 | B17: 7480201 | C17: Công nghệ thông tin – Truyền thông
A18: 8 | B18: 7480202 | C18: An toàn thông tin
A19: 9 | B19: 7510203 | C19: Công nghệ Kỹ thuật Cơ điện tử
A20: 10 | B20: 7520120 | C20: Kỹ thuật Hàng không
A21: 11 | B21: 7520121 | C21: Khoa học Vũ trụ và Công nghệ Vệ tinh
A22: 12 | B22: 7520130 | C22: Kỹ thuật ô tô
... A27: 17 | B27: 7720201 | C27: Dược học

Sheet Phenikaa
A1: Trường Đại học Phenikaa | D1: ← Về Tổng quan
A2: Miền: | B2: Miền Bắc
A3: Tỉnh/TP (mới): | B3: Hà Nội
A4: Tỉnh/TP (cũ): | B4: Hà Nội
A5: Trang chủ: | B5: https://phenikaa-uni.edu.vn/
A6: Trang tuyển sinh: | B6: https://tuyensinh.phenikaa-uni.edu.vn/
A7: Nguồn/ghi chú: | B7: Danh sách một số ngành chính quy tiêu biểu 2025-2026 (trường có nhiều chương trình). Nguồn: các trang tuyển sinh Phenikaa. Cập nhật 10/2026.
A10: STT | B10: Mã ngành | C10: Tên ngành (hệ chính quy)
A11: 1 | B11: BIO1 | C11: Công nghệ sinh học
A12: 2 | B12: BMS | C12: Khoa học y sinh
A13: 3 | B13: CHE1 | C13: Kỹ thuật hóa học
A14: 4 | B14: DEN1 | C14: Răng - Hàm - Mặt
A15: 5 | B15: EEE1 | C15: Kỹ thuật điều khiển và tự động hóa
A16: 6 | B16: EEE-AI | C16: Kỹ thuật điều khiển và tự động hóa (Robot và AI)
A17: 7 | B17: EEE2 | C17: Kỹ thuật y sinh (Điện tử y sinh)
A18: 8 | B18: FBE1 | C18: Quản trị kinh doanh
A19: 9 | B19: FBE2 | C19: Kế toán
A20: 10 | B20: FBE3 | C20: Tài chính – ngân hàng
A21: 11 | B21: FBE4 | C21: Quản trị nhân lực
A22: 12 | B22: FLE1 | C22: Ngôn ngữ Anh
... A26: 16 | B26: FTS1 | C26: Du lịch

Sheet Thăng Long
A1: Trường Đại học Thăng Long | D1: ← Về Tổng quan
A2: Miền: | B2: Miền Bắc
A3: Tỉnh/TP (mới): | B3: Hà Nội
A4: Tỉnh/TP (cũ): | B4: Hà Nội
A5: Trang chủ: | B5: https://thanglong.edu.vn/
A6: Trang tuyển sinh: | B6: https://tuyensinh.thanglong.edu.vn/
A7: Nguồn/ghi chú: | B7: Danh sách ngành chính quy 2026. Nguồn: đề án và các trang tuyển sinh Thăng Long. Cập nhật 10/2026.
A10: STT | B10: Mã ngành | C10: Tên ngành (hệ chính quy)
A11: 1 | B11: 7210205 | C11: Thanh nhạc
A12: 2 | B12: 7210403 | C12: Thiết kế đồ họa
A13: 3 | B13: 7220201 | C13: Ngôn ngữ Anh
A14: 4 | B14: 7220204 | C14: Ngôn ngữ Trung Quốc
A15: 5 | B15: 7220209 | C15: Ngôn ngữ Nhật
A16: 6 | B16: 7220210 | C16: Ngôn ngữ Hàn Quốc
A17: 7 | B17: 7310106 | C17: Kinh tế quốc tế
A18: 8 | B18: 7310630 | C18: Việt Nam học
A19: 9 | B19: 7320104 | C19: Truyền thông đa phương tiện
A20: 10 | B20: 7340101 | C20: Quản trị kinh doanh
A21: 11 | B21: 7340115 | C21: Marketing
A22: 12 | B22: 7340122 | C22: Thương mại điện tử
... A32: 22 | B32: 7810201 | C32: Quản trị khách sạn

Sheet CMC
A1: Trường Đại học CMC | D1: ← Về Tổng quan
A2: Miền: | B2: Miền Bắc
A3: Tỉnh/TP (mới): | B3: Hà Nội
A4: Tỉnh/TP (cũ): | B4: Hà Nội
A5: Trang chủ: | B5: https://cmc-u.edu.vn/
A6: Trang tuyển sinh: | B6: https://tuyensinh.cmc-u.edu.vn/
A7: Nguồn/ghi chú: | B7: Danh sách ngành chính quy 2025-2026. Nguồn: các trang tuyển sinh CMC. Cập nhật 10/2026.
A10: STT | B10: Mã ngành | C10: Tên ngành (hệ chính quy)
A11: 1 | B11: AI | C11: Trí tuệ nhân tạo
A12: 2 | B12: BA | C12: Quản trị Kinh doanh
A13: 3 | B13: CL | C13: Ngôn ngữ Trung Quốc
A14: 4 | B14: CS | C14: Khoa học Máy tính
A15: 5 | B15: EC | C15: Thương mại điện tử
A16: 6 | B16: ET | C16: Công nghệ kỹ thuật Điện tử – Viễn thông
A17: 7 | B17: GA | C17: Đồ họa game
A18: 8 | B18: GD | C18: Thiết kế Đồ họa
A19: 9 | B19: IT | C19: Công nghệ Thông tin
A20: 10 | B20: JL | C20: Tiếng Nhật thương mại
A21: 11 | B21: KL | C21: Ngôn ngữ Hàn Quốc
A22: 12 | B22: LS | C22: Logistics & Quản lý chuỗi cung ứng
... A24: 14 | B24: SE | C24: Kỹ thuật phần mềm

Sheet Đại Nam
A1: Trường Đại học Đại Nam | D1: ← Về Tổng quan
A2: Miền: | B2: Miền Bắc
A3: Tỉnh/TP (mới): | B3: Hà Nội
A4: Tỉnh/TP (cũ): | B4: Hà Nội
A5: Trang chủ: | B5: https://dainam.edu.vn/
A6: Trang tuyển sinh: | B6: https://tuyensinh.dainam.edu.vn/
A7: Nguồn/ghi chú: | B7: Danh sách ngành chính quy tiêu biểu 2026. Nguồn: dainam.edu.vn. Cập nhật 10/2026.
A10: STT | B10: Mã ngành | C10: Tên ngành (hệ chính quy)
A11: 1 | B11: Y khoa | C11: Y khoa
A12: 2 | B12: Dược học | C12: Dược học
A13: 3 | B13: Điều dưỡng | C13: Điều dưỡng
A14: 4 | B14: 7480201 | C14: Công nghệ thông tin
A15: 5 | B15: 7480101 | C15: Khoa học máy tính
A16: 6 | B16: 7480104 | C16: Hệ thống thông tin
A17: 7 | B17: 7510205 | C17: Công nghệ kỹ thuật ô tô
A18: 8 | B18: 7510301 | C18: Công nghệ kỹ thuật điện - điện tử
A19: 9 | B19: 7510203 | C19: Công nghệ kỹ thuật cơ điện tử
A20: 10 | B20: 7580101 | C20: Kiến trúc
A21: 11 | B21: 7580201 | C21: Kỹ thuật xây dựng
A22: 12 | B22: 7580301 | C22: Kinh tế xây dựng
... A36: 26 | B36: 7380101 | C36: Luật

Sheet HUBT
A1: Trường Đại học Kinh doanh và Công nghệ Hà Nội (HUBT) | D1: ← Về Tổng quan
A2: Miền: | B2: Miền Bắc
A3: Tỉnh/TP (mới): | B3: Hà Nội
A4: Tỉnh/TP (cũ): | B4: Hà Nội
A5: Trang chủ: | B5: https://hubt.edu.vn/
A6: Trang tuyển sinh: | B6: https://tuyensinh.hubt.edu.vn/
A7: Nguồn/ghi chú: | B7: Danh sách ngành chính quy 2025-2026. Nguồn: các trang tuyển sinh HUBT. Cập nhật 10/2026.
A10: STT | B10: Mã ngành | C10: Tên ngành (hệ chính quy)
A11: 1 | B11: 7210403 | C11: Thiết kế đồ họa
A12: 2 | B12: 7220201 | C12: Ngôn ngữ Anh
A13: 3 | B13: 7220202 | C13: Ngôn ngữ Nga
A14: 4 | B14: 7220204 | C14: Ngôn ngữ Trung Quốc
A15: 5 | B15: 7310101 | C15: Kinh tế
A16: 6 | B16: 7310205 | C16: Quản lý nhà nước
A17: 7 | B17: 7340101 | C17: Quản trị kinh doanh
A18: 8 | B18: 7340120 | C18: Kinh doanh quốc tế
A19: 9 | B19: 7340201 | C19: Tài chính – Ngân hàng
A20: 10 | B20: 7340301 | C20: Kế toán
A21: 11 | B21: 7380107 | C21: Luật kinh tế
A22: 12 | B22: 7480201 | C22: Công nghệ thông tin
... A35: 25 | B35: 7810103 | C35: Quản trị dịch vụ du lịch và lữ hành

Sheet Việt - Hung (VIU)
A1: Trường Đại học Công nghiệp Việt - Hung | D1: ← Về Tổng quan
A2: Miền: | B2: Miền Bắc
A3: Tỉnh/TP (mới): | B3: Hà Nội
A4: Tỉnh/TP (cũ): | B4: Hà Nội
A5: Trang chủ: | B5: https://viu.edu.vn/
A6: Trang tuyển sinh: | B6: https://tuyensinh.viu.edu.vn/
A7: Nguồn/ghi chú: | B7: Danh sách ngành chính quy 2025. Nguồn: các trang tuyển sinh VIU. Cập nhật 10/2026.
A10: STT | B10: Mã ngành | C10: Tên ngành (hệ chính quy)
A11: 1 | B11: 7310101 | C11: Kinh tế
A12: 2 | B12: 7310109 | C12: Kinh tế số
A13: 3 | B13: 7340101 | C13: Quản trị kinh doanh
A14: 4 | B14: 7340115 | C14: Marketing
A15: 5 | B15: 7340201 | C15: Tài chính – Ngân hàng
A16: 6 | B16: 7340205 | C16: Công nghệ tài chính
A17: 7 | B17: 7480101 | C17: Khoa học máy tính
A18: 8 | B18: 7480201 | C18: Công nghệ thông tin
A19: 9 | B19: 7510103 | C19: Công nghệ kỹ thuật xây dựng
A20: 10 | B20: 7510201 | C20: Công nghệ kỹ thuật cơ khí
A21: 11 | B21: 7510205 | C21: Công nghệ kỹ thuật ô tô
A22: 12 | B22: 7510301 | C22: Công nghệ kỹ thuật điện, điện tử
A23: 13 | B23: 7510302 | C23: Công nghệ kỹ thuật điện tử viễn thông

Sheet MTA
A1: Học viện Kỹ thuật Quân sự (MTA) | D1: ← Về Tổng quan
A2: Miền: | B2: Miền Bắc
A3: Tỉnh/TP (mới): | B3: Hà Nội
A4: Tỉnh/TP (cũ): | B4: Hà Nội
A5: Trang chủ: | B5: https://mta.edu.vn/
A6: Trang tuyển sinh: | B6: https://mta.edu.vn/ (mục Tuyển sinh)
A7: Nguồn/ghi chú: | B7: Danh sách ngành chính quy 2026 (hệ Quân sự + Dân sự). Nguồn: các trang tuyển sinh MTA. Cập nhật 10/2026.
A10: STT | B10: Mã ngành | C10: Tên ngành (hệ chính quy)
A11: 1 | B11: 7860220 | C11: Kỹ sư quân sự (hệ Quân sự)
A12: 2 | B12: 7480201 | C12: Công nghệ thông tin (hệ Dân sự)
A13: 3 | B13: 7480101 | C13: Khoa học máy tính / Trí tuệ nhân tạo (hệ Dân sự)
A14: 4 | B14: 7480202 | C14: An toàn thông tin (hệ Dân sự)
A15: 5 | B15: 7520207 | C15: Kỹ thuật điện tử – viễn thông (hệ Dân sự)
A16: 6 | B16: 7520216 | C16: Kỹ thuật điều khiển và tự động hóa (hệ Dân sự)
A17: 7 | B17: 7520114 | C17: Kỹ thuật cơ điện tử (hệ Dân sự)
A18: 8 | B18: 7520103 | C18: Kỹ thuật cơ khí (hệ Dân sự)
A19: 9 | B19: 7580201 | C19: Kỹ thuật xây dựng (hệ Dân sự)
A20: 10 | B20: 7520116 | C20: Kỹ thuật cơ khí động lực / ô tô (hệ Dân sự)

Sheet HV Quân y
A1: Học viện Quân y | D1: ← Về Tổng quan
A2: Miền: | B2: Miền Bắc
A3: Tỉnh/TP (mới): | B3: Hà Nội
A4: Tỉnh/TP (cũ): | B4: Hà Nội
A5: Trang chủ: | B5: https://hvqy.edu.vn/
A6: Trang tuyển sinh: | B6: https://tuyensinh.hvqy.edu.vn/
A7: Nguồn/ghi chú: | B7: Danh sách ngành chính quy 2025-2026. Nguồn: thông báo tuyển sinh HV Quân y. Cập nhật 10/2026.
A10: STT | B10: Mã ngành | C10: Tên ngành (hệ chính quy)
A11: 1 | B11: 7720101 | C11: Y khoa (hệ Quân sự + Dân sự)
A12: 2 | B12: 7720201 | C12: Dược học (hệ Quân sự + Dân sự)

Sheet HV KH Quân sự
A1: Học viện Khoa học Quân sự | D1: ← Về Tổng quan
A2: Miền: | B2: Miền Bắc
A3: Tỉnh/TP (mới): | B3: Hà Nội
A4: Tỉnh/TP (cũ): | B4: Hà Nội
A5: Trang chủ: | B5: https://hocvienkhoahocquan.su.edu.vn/ hoặc trang Bộ Quốc phòng
A6: Trang tuyển sinh: | B6: Trang tuyển sinh quân sự chung
A7: Nguồn/ghi chú: | B7: Danh sách ngành chính quy hệ Quân sự 2025-2026. Nguồn: thông báo tuyển sinh HV KHQS. Cập nhật 10/2026.
A10: STT | B10: Mã ngành | C10: Tên ngành (hệ chính quy)
A11: 1 | B11: 7860231 | C11: Trinh sát Kỹ thuật
A12: 2 | B12: 7220201 | C12: Ngôn ngữ Anh
A13: 3 | B13: 7220202 | C13: Ngôn ngữ Nga
A14: 4 | B14: 7220204 | C14: Ngôn ngữ Trung Quốc
A15: 5 | B15: 7310206 | C15: Quan hệ quốc tế

Sheet HV Biên phòng
A1: Học viện Biên phòng | D1: ← Về Tổng quan
A2: Miền: | B2: Miền Bắc
A3: Tỉnh/TP (mới): | B3: Hà Nội
A4: Tỉnh/TP (cũ): | B4: Hà Nội
A5: Trang chủ: | B5: https://hocvienbienphong.edu.vn/
A6: Trang tuyển sinh: | B6: Trang tuyển sinh quân sự
A7: Nguồn/ghi chú: | B7: Danh sách ngành chính quy 2026. Nguồn: thông tin tuyển sinh HV Biên phòng. Cập nhật 10/2026.
A10: STT | B10: Mã ngành | C10: Tên ngành (hệ chính quy)
A11: 1 | B11: 7860214 | C11: Biên phòng
A12: 2 | B12: 7380101 | C12: Luật

Sheet HV Hậu cần
A1: Học viện Hậu cần | D1: ← Về Tổng quan
A2: Miền: | B2: Miền Bắc
A3: Tỉnh/TP (mới): | B3: Hà Nội
A4: Tỉnh/TP (cũ): | B4: Hà Nội
A5: Trang chủ: | B5: https://hocvienhaucan.edu.vn/
A6: Trang tuyển sinh: | B6: Trang tuyển sinh quân sự
A7: Nguồn/ghi chú: | B7: Danh sách ngành chính quy 2025-2026 (hệ Quân sự + Dân sự). Nguồn: đề án tuyển sinh. Cập nhật 10/2026.
A10: STT | B10: Mã ngành | C10: Tên ngành (hệ chính quy)
A11: 1 | B11: 7860218 | C11: Hậu cần quân sự (hệ Quân sự)
A12: 2 | B12: 7340201 | C12: Tài chính - Ngân hàng (hệ Dân sự)
A13: 3 | B13: 7340301 | C13: Kế toán (hệ Dân sự)
A14: 4 | B14: 7580201 | C14: Kỹ thuật xây dựng (hệ Dân sự)

Sheet HV PK-KQ
A1: Học viện Phòng không - Không quân | D1: ← Về Tổng quan
A2: Miền: | B2: Miền Bắc
A3: Tỉnh/TP (mới): | B3: Hà Nội
A4: Tỉnh/TP (cũ): | B4: Hà Nội
A5: Trang chủ: | B5: https://hocvienpkkq.edu.vn/
A6: Trang tuyển sinh: | B6: Trang tuyển sinh quân sự
A7: Nguồn/ghi chú: | B7: Danh sách ngành chính quy 2026. Nguồn: thông tin tuyển sinh HV PK-KQ. Cập nhật 10/2026.
A10: STT | B10: Mã ngành | C10: Tên ngành (hệ chính quy)
A11: 1 | B11: 7860226 | C11: Chỉ huy Tham mưu Phòng không, Không quân và Tác chiến điện tử
A12: 2 | B12: 7520120 | C12: Kỹ thuật Hàng không

Sheet SQ Lục quân 1
A1: Trường Sĩ quan Lục quân 1 | D1: ← Về Tổng quan
A2: Miền: | B2: Miền Bắc
A3: Tỉnh/TP (mới): | B3: Hà Nội
A4: Tỉnh/TP (cũ): | B4: Hà Nội
A5: Trang chủ: | B5: https://truongsq1.edu.vn/
A6: Trang tuyển sinh: | B6: Trang tuyển sinh quân sự
A7: Nguồn/ghi chú: | B7: Danh sách ngành chính quy 2026. Nguồn: đề án tuyển sinh SQ Lục quân 1. Cập nhật 10/2026.
A10: STT | B10: Mã ngành | C10: Tên ngành (hệ chính quy)
A11: 1 | B11: 7860201 | C11: Chỉ huy Tham mưu Lục quân
A12: 2 | B12: 7860222 | C12: Quân sự cơ sở

Sheet SQ Đặc công
A1: Trường Sĩ quan Đặc công | D1: ← Về Tổng quan
A2: Miền: | B2: Miền Bắc
A3: Tỉnh/TP (mới): | B3: Hà Nội
A4: Tỉnh/TP (cũ): | B4: Hà Nội
A5: Trang chủ: | B5: https://truongdaccong.edu.vn/
A6: Trang tuyển sinh: | B6: Trang tuyển sinh quân sự
A7: Nguồn/ghi chú: | B7: Danh sách ngành chính quy 2026. Nguồn: đề án tuyển sinh. Cập nhật 10/2026.
A10: STT | B10: Mã ngành | C10: Tên ngành (hệ chính quy)
A11: 1 | B11: 7860207 | C11: Chỉ huy - Tham mưu đặc công

Sheet SQ Phòng hóa
A1: Trường Sĩ quan Phòng hóa | D1: ← Về Tổng quan
A2: Miền: | B2: Miền Bắc
A3: Tỉnh/TP (mới): | B3: Hà Nội
A4: Tỉnh/TP (cũ): | B4: Hà Nội
A5: Trang chủ: | B5: https://truongphonghoa.edu.vn/
A6: Trang tuyển sinh: | B6: Trang tuyển sinh quân sự
A7: Nguồn/ghi chú: | B7: Danh sách ngành chính quy 2026. Nguồn: đề án tuyển sinh. Cập nhật 10/2026.
A10: STT | B10: Mã ngành | C10: Tên ngành (hệ chính quy)
A11: 1 | B11: 7860229 | C11: Chỉ huy Kỹ thuật Hóa học

Sheet SQ Pháo binh
A1: Trường Sĩ quan Pháo binh | D1: ← Về Tổng quan
A2: Miền: | B2: Miền Bắc
A3: Tỉnh/TP (mới): | B3: Hà Nội
A4: Tỉnh/TP (cũ): | B4: Hà Nội
A5: Trang chủ: | B5: https://truongphaobinh.edu.vn/
A6: Trang tuyển sinh: | B6: Trang tuyển sinh quân sự
A7: Nguồn/ghi chú: | B7: Danh sách ngành chính quy 2026. Nguồn: thông tin tuyển sinh. Cập nhật 10/2026.
A10: STT | B10: Mã ngành | C10: Tên ngành (hệ chính quy)
A11: 1 | B11: 7860205 | C11: Chỉ huy Tham mưu Pháo binh

Sheet HV An ninh ND
A1: Học viện An ninh nhân dân | D1: ← Về Tổng quan
A2: Miền: | B2: Miền Bắc
A3: Tỉnh/TP (mới): | B3: Hà Nội
A4: Tỉnh/TP (cũ): | B4: Hà Nội
A5: Trang chủ: | B5: https://hvanninh.edu.vn/
A6: Trang tuyển sinh: | B6: https://tuyensinh.hvanninh.edu.vn/
A7: Nguồn/ghi chú: | B7: Danh sách ngành chính quy 2026. Nguồn: thông tin tuyển sinh HV An ninh ND. Cập nhật 10/2026.
A10: STT | B10: Mã ngành | C10: Tên ngành (hệ chính quy)
A11: 1 | B11: 7860100 | C11: Nghiệp vụ an ninh
A12: 2 | B12: 7860114 | C12: An ninh mạng và phòng chống tội phạm công nghệ cao
A13: 3 | B13: 7480201 | C13: Công nghệ thông tin
A14: 4 | B14: 7480202 | C14: An toàn thông tin

Sheet HV Cảnh sát ND
A1: Học viện Cảnh sát nhân dân | D1: ← Về Tổng quan
A2: Miền: | B2: Miền Bắc
A3: Tỉnh/TP (mới): | B3: Hà Nội
A4: Tỉnh/TP (cũ): | B4: Hà Nội
A5: Trang chủ: | B5: https://hvcsnd.edu.vn/
A6: Trang tuyển sinh: | B6: https://tuyensinh.hvcsnd.edu.vn/
A7: Nguồn/ghi chú: | B7: Danh sách ngành chính quy 2026. Nguồn: thông tin tuyển sinh HV Cảnh sát ND. Cập nhật 10/2026.
A10: STT | B10: Mã ngành | C10: Tên ngành (hệ chính quy)
A11: 1 | B11: 7860100 | C11: Nghiệp vụ Cảnh sát

Sheet HV Chính trị CAND
A1: Học viện Chính trị Công an nhân dân | D1: ← Về Tổng quan
A2: Miền: | B2: Miền Bắc
A3: Tỉnh/TP (mới): | B3: Hà Nội
A4: Tỉnh/TP (cũ): | B4: Hà Nội
A5: Trang chủ: | B5: https://hocvienchinhtricand.edu.vn/
A6: Trang tuyển sinh: | B6: Trang tuyển sinh công an
A7: Nguồn/ghi chú: | B7: Danh sách ngành chính quy 2026. Nguồn: thông tin tuyển sinh HV Chính trị CAND. Cập nhật 10/2026.
A10: STT | B10: Mã ngành | C10: Tên ngành (hệ chính quy)
A11: 1 | B11: 7310202 | C11: Xây dựng Đảng và chính quyền nhà nước

Sheet HV KT-CN An ninh
A1: Học viện Kỹ thuật và Công nghệ An ninh | D1: ← Về Tổng quan
A2: Miền: | B2: Miền Bắc
A3: Tỉnh/TP (mới): | B3: Hà Nội
A4: Tỉnh/TP (cũ): | B4: Hà Nội
A5: Trang chủ: | B5: https://hocvienkythuatanninh.edu.vn/
A6: Trang tuyển sinh: | B6: Trang tuyển sinh công an
A7: Nguồn/ghi chú: | B7: Danh sách ngành chính quy 2026. Nguồn: thông tin tuyển sinh. Cập nhật 10/2026.
A10: STT | B10: Mã ngành | C10: Tên ngành (hệ chính quy)
A11: 1 | B11: 7480200 | C11: Nhóm ngành Kỹ thuật - Hậu cần
A12: 2 | B12: 7520207 | C12: Kỹ thuật điện tử, viễn thông

Sheet ĐH PCCC
A1: Trường Đại học Phòng cháy chữa cháy | D1: ← Về Tổng quan
A2: Miền: | B2: Miền Bắc
A3: Tỉnh/TP (mới): | B3: Hà Nội
A4: Tỉnh/TP (cũ): | B4: Hà Nội
A5: Trang chủ: | B5: https://daihocpccc.edu.vn/
A6: Trang tuyển sinh: | B6: https://tuyensinh.daihocpccc.edu.vn/
A7: Nguồn/ghi chú: | B7: Danh sách ngành chính quy 2026. Nguồn: thông báo tuyển sinh ĐH PCCC. Cập nhật 10/2026.
A10: STT | B10: Mã ngành | C10: Tên ngành (hệ chính quy)
A11: 1 | B11: 7860113 | C11: Phòng cháy, chữa cháy và cứu nạn, cứu hộ

Sheet TUEBA
A1: Trường Đại học Kinh tế và Quản trị Kinh doanh - ĐH Thái Nguyên (TUEBA) | D1: ← Về Tổng quan
A2: Miền: | B2: Miền Bắc
A3: Tỉnh/TP (mới): | B3: Thái Nguyên
A4: Tỉnh/TP (cũ): | B4: Thái Nguyên
A5: Trang chủ: | B5: https://tueba.edu.vn/
A6: Trang tuyển sinh: | B6: https://tuyensinh.tueba.edu.vn/
A7: Nguồn/ghi chú: | B7: Danh sách ngành chính quy 2026. Nguồn: các trang tuyển sinh TUEBA. Cập nhật 10/2026.
A10: STT | B10: Mã ngành | C10: Tên ngành (hệ chính quy)
A11: 1 | B11: 7460108 | C11: Khoa học dữ liệu
A12: 2 | B12: 7510605 | C12: Logistics và Quản lý chuỗi cung ứng
A13: 3 | B13: 7340201 | C13: Tài chính - Ngân hàng
A14: 4 | B14: 7340301 | C14: Kế toán
A15: 5 | B15: 7340403 | C15: Quản lý kinh tế
A16: 6 | B16: 7340404 | C16: Quản trị nhân lực
A17: 7 | B17: 7380107 | C17: Luật kinh tế
A18: 8 | B18: 7310101 | C18: Kinh tế
A19: 9 | B19: 7310104 | C19: Kinh tế đầu tư
A20: 10 | B20: 7310105 | C20: Kinh tế phát triển
A21: 11 | B21: 7340101 | C21: Quản trị kinh doanh
A22: 12 | B22: 7340115 | C22: Quản trị marketing
... A25: 15 | B25: 7810103 | C25: Quản trị dịch vụ du lịch và lữ hành

Sheet ICTU
A1: Trường Đại học Công nghệ Thông tin và Truyền thông - ĐH Thái Nguyên (ICTU) | D1: ← Về Tổng quan
A2: Miền: | B2: Miền Bắc
A3: Tỉnh/TP (mới): | B3: Thái Nguyên
A4: Tỉnh/TP (cũ): | B4: Thái Nguyên
A5: Trang chủ: | B5: https://ictu.edu.vn/
A6: Trang tuyển sinh: | B6: https://tuyensinh.ictu.edu.vn/
A7: Nguồn/ghi chú: | B7: Danh sách ngành chính quy 2026. Nguồn: tuyensinh.ictu.edu.vn. Cập nhật 10/2026.
A10: STT | B10: Mã ngành | C10: Tên ngành (hệ chính quy)
A11: 1 | B11: 7480201 | C11: Công nghệ thông tin
A12: 2 | B12: 7480103 | C12: Kỹ thuật phần mềm
A13: 3 | B13: 7480106 | C13: Kỹ thuật máy tính
A14: 4 | B14: 7480202 | C14: An ninh mạng
A15: 5 | B15: 7480101 | C15: Khoa học máy tính
A16: 6 | B16: 7510203 | C16: Cơ điện tử
A17: 7 | B17: 7510205 | C17: Công nghệ ô tô
A18: 8 | B18: 7510301 | C18: Kỹ thuật điện, điện tử
A19: 9 | B19: 7510302 | C19: Công nghệ kỹ thuật điện tử - viễn thông
A20: 10 | B20: 7520216 | C20: Tự động hóa
A21: 11 | B21: 7340101 | C21: Quản trị kinh doanh số
A22: 12 | B22: 7340115 | C22: Marketing số
... A27: 17 | B27: 7320104 | C27: Truyền thông đa phương tiện

Sheet TNUT
A1: Trường Đại học Kỹ thuật Công nghiệp - ĐH Thái Nguyên (TNUT) | D1: ← Về Tổng quan
A2: Miền: | B2: Miền Bắc
A3: Tỉnh/TP (mới): | B3: Thái Nguyên
A4: Tỉnh/TP (cũ): | B4: Thái Nguyên
A5: Trang chủ: | B5: https://tnut.edu.vn/
A6: Trang tuyển sinh: | B6: https://tuyensinh.tnut.edu.vn/
A7: Nguồn/ghi chú: | B7: Danh sách ngành chính quy 2026. Nguồn: các trang tuyển sinh TNUT. Cập nhật 10/2026.
A10: STT | B10: Mã ngành | C10: Tên ngành (hệ chính quy)
A11: 1 | B11: 7520103 | C11: Kỹ thuật Cơ khí
A12: 2 | B12: 7520114 | C12: Kỹ thuật Cơ điện tử
A13: 3 | B13: 7520107 | C13: Kỹ thuật Robot
A14: 4 | B14: 7520216 | C14: Kỹ thuật Điều khiển và tự động hoá
A15: 5 | B15: 7520201 | C15: Kỹ thuật Điện
A16: 6 | B16: 7520207 | C16: Kỹ thuật Điện tử - viễn thông
A17: 7 | B17: 7520116 | C17: Kỹ thuật ô tô
A18: 8 | B18: 7520309 | C18: Kỹ thuật Vật liệu
A19: 9 | B19: 7580201 | C19: Kỹ thuật xây dựng
A20: 10 | B20: 7520320 | C20: Kỹ thuật môi trường
A21: 11 | B21: 7510303 | C21: Công nghệ kỹ thuật điều khiển và tự động hóa
A22: 12 | B22: 7510205 | C22: Công nghệ kỹ thuật ô tô
... A25: 15 | B25: 7220201 | C25: Ngôn ngữ Anh

Sheet TUAF
A1: Trường Đại học Nông Lâm - ĐH Thái Nguyên (TUAF) | D1: ← Về Tổng quan
A2: Miền: | B2: Miền Bắc
A3: Tỉnh/TP (mới): | B3: Thái Nguyên
A4: Tỉnh/TP (cũ): | B4: Thái Nguyên
A5: Trang chủ: | B5: https://tuaf.edu.vn/
A6: Trang tuyển sinh: | B6: https://tuyensinh.tuaf.edu.vn/
A7: Nguồn/ghi chú: | B7: Danh sách ngành chính quy 2025-2026. Nguồn: các trang tuyển sinh TUAF. Cập nhật 10/2026.
A10: STT | B10: Mã ngành | C10: Tên ngành (hệ chính quy)
A11: 1 | B11: 7620105 | C11: Chăn nuôi thú Y
A12: 2 | B12: 7420201 | C12: Công nghệ sinh học
A13: 3 | B13: 7540101 | C13: Công nghệ thực phẩm
A14: 4 | B14: 7540106 | C14: Đảm bảo chất lượng & An toàn thực phẩm
A15: 5 | B15: 7549002 | C15: Dược liệu và hợp chất thiên nhiên
A16: 6 | B16: 7440301 | C16: Khoa học môi trường
A17: 7 | B17: 7620110 | C17: Khoa học cây trồng
A18: 8 | B18: 7620115 | C18: Kinh tế nông nghiệp
A19: 9 | B19: 7620205 | C19: Lâm sinh
A20: 10 | B20: 7220201 | C20: Ngôn ngữ Anh
A21: 11 | B21: 7620101 | C21: Nông nghiệp công nghệ cao
A22: 12 | B22: 7850103 | C22: Quản lý đất đai
... A24: 14 | B24: 7580109 | C24: Quản lý phát triển đô thị và bất động sản

Sheet TUMP
A1: Trường Đại học Y - Dược - ĐH Thái Nguyên (TUMP) | D1: ← Về Tổng quan
A2: Miền: | B2: Miền Bắc
A3: Tỉnh/TP (mới): | B3: Thái Nguyên
A4: Tỉnh/TP (cũ): | B4: Thái Nguyên
A5: Trang chủ: | B5: https://tump.edu.vn/
A6: Trang tuyển sinh: | B6: https://tuyensinh.tump.edu.vn/
A7: Nguồn/ghi chú: | B7: Danh sách ngành chính quy 2026. Nguồn: các trang tuyển sinh TUMP. Cập nhật 10/2026.
A10: STT | B10: Mã ngành | C10: Tên ngành (hệ chính quy)
A11: 1 | B11: 7720101 | C11: Y khoa
A12: 2 | B12: 7720501 | C12: Răng hàm mặt
A13: 3 | B13: 7720201 | C13: Dược học
A14: 4 | B14: 7720110 | C14: Y học dự phòng
A15: 5 | B15: 7720301 | C15: Điều dưỡng
A16: 6 | B16: 7720601 | C16: Kỹ thuật xét nghiệm y học
A17: 7 | B17: 7720302 | C17: Hộ sinh
A18: 8 | B18: 7720602 | C18: Kỹ thuật hình ảnh y học
A19: 9 | B19: 7720603 | C19: Kỹ thuật phục hồi chức năng

Sheet TNUE
A1: Trường Đại học Sư phạm - ĐH Thái Nguyên (TNUE) | D1: ← Về Tổng quan
A2: Miền: | B2: Miền Bắc
A3: Tỉnh/TP (mới): | B3: Thái Nguyên
A4: Tỉnh/TP (cũ): | B4: Thái Nguyên
A5: Trang chủ: | B5: https://tnue.edu.vn/
A6: Trang tuyển sinh: | B6: https://tuyensinh.tnue.edu.vn/
A7: Nguồn/ghi chú: | B7: Danh sách ngành chính quy 2026. Nguồn: đề án tuyển sinh TNUE. Cập nhật 10/2026.
A10: STT | B10: Mã ngành | C10: Tên ngành (hệ chính quy)
A11: 1 | B11: 7140101 | C11: Giáo dục học
A12: 2 | B12: 7140201 | C12: Giáo dục Mầm non
A13: 3 | B13: 7140202 | C13: Giáo dục Tiểu học
A14: 4 | B14: 7140204 | C14: Giáo dục Công dân
A15: 5 | B15: 7140205 | C15: Giáo dục Chính trị
A16: 6 | B16: 7140206 | C16: Giáo dục thể chất
A17: 7 | B17: 7140209 | C17: Sư phạm Toán học
A18: 8 | B18: 7140210 | C18: Sư phạm Tin học
A19: 9 | B19: 7140211 | C19: Sư phạm Vật lý
A20: 10 | B20: 7140212 | C20: Sư phạm Hóa học
A21: 11 | B21: 7140213 | C21: Sư phạm Sinh học
A22: 12 | B22: 7140217 | C22: Sư phạm Ngữ văn
... A28: 18 | B28: 7310403 | C28: Tâm lý học giáo dục

Sheet ĐH Hải Phòng
A1: Trường Đại học Hải Phòng | D1: ← Về Tổng quan
A2: Miền: | B2: Miền Bắc
A3: Tỉnh/TP (mới): | B3: Hải Phòng
A4: Tỉnh/TP (cũ): | B4: Hải Phòng
A5: Trang chủ: | B5: https://dhhp.edu.vn/
A6: Trang tuyển sinh: | B6: https://tuyensinh.dhhp.edu.vn/
A7: Nguồn/ghi chú: | B7: Danh sách ngành chính quy tiêu biểu 2026. Nguồn: các trang tuyển sinh ĐH Hải Phòng. Cập nhật 10/2026.
A10: STT | B10: Mã ngành | C10: Tên ngành (hệ chính quy)
A11: 1 | B11: 7140201 | C11: Giáo dục Mầm non
A12: 2 | B12: 7140202 | C12: Giáo dục Tiểu học
A13: 3 | B13: 7140206 | C13: Giáo dục Thể chất
A14: 4 | B14: 7140209 | C14: Sư phạm Toán học
A15: 5 | B15: 7140217 | C15: Sư phạm Ngữ văn
A16: 6 | B16: 7140231 | C16: Sư phạm Tiếng Anh
A17: 7 | B17: 7220201 | C17: Ngôn ngữ Anh
A18: 8 | B18: 7220204 | C18: Ngôn ngữ Trung Quốc
A19: 9 | B19: 7229030 | C19: Văn học
A20: 10 | B20: 7310101 | C20: Kinh tế ngoại thương
A21: 11 | B21: 7510605 | C21: Logistics và quản lý chuỗi cung ứng
A22: 12 | B22: 7340122 | C22: Thương mại điện tử
... A24: 14 | B24: 7340301 | C24: Kế toán

Sheet VMU
A1: Đại học Hàng hải Việt Nam (VMU) | D1: ← Về Tổng quan
A2: Miền: | B2: Miền Bắc
A3: Tỉnh/TP (mới): | B3: Hải Phòng
A4: Tỉnh/TP (cũ): | B4: Hải Phòng
A5: Trang chủ: | B5: https://vimaru.edu.vn/
A6: Trang tuyển sinh: | B6: https://tuyensinh.vimaru.edu.vn/
A7: Nguồn/ghi chú: | B7: Danh sách ngành chính quy tiêu biểu 2025-2026. Nguồn: các trang tuyển sinh VMU. Cập nhật 10/2026.
A10: STT | B10: Mã ngành | C10: Tên ngành (hệ chính quy)
A11: 1 | B11: 7520101 | C11: Điều khiển tàu biển
A12: 2 | B12: 7520104 | C12: Khai thác máy tàu biển
A13: 3 | B13: 7520201 | C13: Điện tự động giao thông vận tải
A14: 4 | B14: 7520207 | C14: Điện tử viễn thông
A15: 5 | B15: 7520103 | C15: Máy tàu thủy
A16: 6 | B16: 7580202 | C16: Xây dựng công trình thủy
A17: 7 | B17: 7580201 | C17: Xây dựng dân dụng và công nghiệp
A18: 8 | B18: 7480201 | C18: Công nghệ thông tin
A19: 9 | B19: 7340101 | C19: Quản trị kinh doanh
A20: 10 | B20: 7510605 | C20: Logistics và chuỗi cung ứng
A21: 11 | B21: 7310101 | C21: Kinh tế vận tải biển
A22: 12 | B22: 7340201 | C22: Quản trị tài chính kế toán
A23: 13 | B23: 7380101 | C23: Luật hàng hải

Sheet KT Y tế Hải Dương
A1: Trường Đại học Kỹ thuật Y tế Hải Dương | D1: ← Về Tổng quan
A2: Miền: | B2: Miền Bắc
A3: Tỉnh/TP (mới): | B3: Hải Phòng
A4: Tỉnh/TP (cũ): | B4: Hải Dương
A5: Trang chủ: | B5: https://hmt.edu.vn/
A6: Trang tuyển sinh: | B6: https://tuyensinh.hmt.edu.vn/
A7: Nguồn/ghi chú: | B7: Danh sách ngành chính quy (tổng hợp). Cập nhật 10/2026.
A10: STT | B10: Mã ngành | C10: Tên ngành (hệ chính quy)
A11: 1 | B11: 7720301 | C11: Điều dưỡng
A12: 2 | B12: 7720601 | C12: Kỹ thuật xét nghiệm y học
A13: 3 | B13: 7720602 | C13: Kỹ thuật hình ảnh y học

Sheet UTEHY
A1: Trường Đại học Sư phạm Kỹ thuật Hưng Yên (UTEHY) | D1: ← Về Tổng quan
A2: Miền: | B2: Miền Bắc
A3: Tỉnh/TP (mới): | B3: Hưng Yên
A4: Tỉnh/TP (cũ): | B4: Hưng Yên
A5: Trang chủ: | B5: https://utehy.edu.vn/
A6: Trang tuyển sinh: | B6: https://tuyensinh.utehy.edu.vn/
A7: Nguồn/ghi chú: | B7: Danh sách ngành đào tạo đại học chính quy 2026 (29 ngành, khớp số ngành trường công bố). Nguồn: diemthi.tuyensinh247.com/de-an-tuyen-sinh/dai-hoc-su-pham-ky-thuat-hung-yen-SKH.html
A10: STT | B10: Mã ngành | C10: Tên ngành (hệ chính quy)
A11: 1 | B11: 7140103 | C11: Công nghệ giáo dục
A12: 2 | B12: 7140231 | C12: Sư phạm Tiếng Anh
A13: 3 | B13: 7140246 | C13: Sư phạm công nghệ
A14: 4 | B14: 7220201 | C14: Ngôn ngữ Anh
A15: 5 | B15: 7220204 | C15: Ngôn ngữ Trung Quốc
A16: 6 | B16: 7310101 | C16: Kinh tế
A17: 7 | B17: 7340101 | C17: Quản trị kinh doanh
A18: 8 | B18: 7340123 | C18: Kinh doanh thời trang và dệt may
A19: 9 | B19: 7340301 | C19: Kế toán
A20: 10 | B20: 7340404 | C20: Quản trị nhân lực
A21: 11 | B21: 7480101 | C21: Khoa học máy tính
A22: 12 | B22: 7480103 | C22: Kỹ thuật phần mềm
... A39: 29 | B39: 7540209 | C39: Công nghệ may

Sheet SQ Chính trị
A1: Trường Đại học Chính trị (Trường Sĩ quan Chính trị) | D1: ← Về Tổng quan
A2: Miền: | B2: Miền Bắc
A3: Tỉnh/TP (mới): | B3: Bắc Ninh
A4: Tỉnh/TP (cũ): | B4: Bắc Ninh
A5: Trang chủ: | B5: https://hocvienchinhtri.edu.vn/
A6: Trang tuyển sinh: | B6: Trang tuyển sinh quân sự
A7: Nguồn/ghi chú: | B7: Danh sách ngành chính quy (hệ quân sự). Nguồn: tổng hợp. Cập nhật 10/2026.
A10: STT | B10: Mã ngành | C10: Tên ngành (hệ chính quy)
A11: 1 | B11: 7860101 | C11: Chỉ huy - Tham mưu / Sĩ quan chính trị

Sheet SQ Tăng thiết giáp
A1: Trường Sĩ quan Tăng thiết giáp | D1: ← Về Tổng quan
A2: Miền: | B2: Miền Bắc
A3: Tỉnh/TP (mới): | B3: Phú Thọ
A4: Tỉnh/TP (cũ): | B4: Vĩnh Phúc
A5: Trang chủ: | B5: https://truongttg.edu.vn/
A6: Trang tuyển sinh: | B6: Trang tuyển sinh quân sự
A7: Nguồn/ghi chú: | B7: Danh sách ngành chính quy (hệ quân sự). Nguồn: tổng hợp. Cập nhật 10/2026.
A10: STT | B10: Mã ngành | C10: Tên ngành (hệ chính quy)
A11: 1 | B11: 7860102 | C11: Chỉ huy - Tham mưu Tăng thiết giáp

Sheet ĐH Hồng Đức
A1: Trường Đại học Hồng Đức | D1: ← Về Tổng quan
A2: Miền: | B2: Miền Trung
A3: Tỉnh/TP (mới): | B3: Thanh Hóa
A4: Tỉnh/TP (cũ): | B4: Thanh Hóa
A5: Trang chủ: | B5: https://hdu.edu.vn/
A6: Trang tuyển sinh: | B6: https://tuyensinh.hdu.edu.vn/
A7: Nguồn/ghi chú: | B7: Danh sách ngành chính quy tiêu biểu 2026. Nguồn: thông tin tuyển sinh ĐH Hồng Đức. Cập nhật 10/2026.
A10: STT | B10: Mã ngành | C10: Tên ngành (hệ chính quy)
A11: 1 | B11: 7140209 | C11: Sư phạm Toán học
A12: 2 | B12: 7140211 | C12: Sư phạm Vật lý
A13: 3 | B13: 7140212 | C13: Sư phạm Hóa học
A14: 4 | B14: 7140213 | C14: Sư phạm Sinh học
A15: 5 | B15: 7140247 | C15: Sư phạm Khoa học tự nhiên
A16: 6 | B16: 7140210 | C16: Sư phạm Tin học
A17: 7 | B17: 7140217 | C17: Sư phạm Ngữ văn
A18: 8 | B18: 7140218 | C18: Sư phạm Lịch sử
A19: 9 | B19: 7460101 | C19: Toán học
A20: 10 | B20: 7480201 | C20: Công nghệ thông tin
A21: 11 | B21: 7520201 | C21: Kỹ thuật điện
A22: 12 | B22: 7580201 | C22: Kỹ thuật xây dựng
A23: 13 | B23: 7440122 | C23: Khoa học vật liệu

Sheet ĐH Vinh
A1: Trường Đại học Vinh | D1: ← Về Tổng quan
A2: Miền: | B2: Miền Trung
A3: Tỉnh/TP (mới): | B3: Nghệ An
A4: Tỉnh/TP (cũ): | B4: Nghệ An
A5: Trang chủ: | B5: https://vinhuni.edu.vn/
A6: Trang tuyển sinh: | B6: https://tuyensinh.vinhuni.edu.vn/
A7: Nguồn/ghi chú: | B7: Danh sách ngành chính quy tiêu biểu 2026. Nguồn: đề án tuyển sinh ĐH Vinh. Cập nhật 10/2026.
A10: STT | B10: Mã ngành | C10: Tên ngành (hệ chính quy)
A11: 1 | B11: 7310101 | C11: Kinh tế
A12: 2 | B12: 7310104 | C12: Kinh tế đầu tư
A13: 3 | B13: 7310109 | C13: Kinh tế số
A14: 4 | B14: 7310110 | C14: Quản lí kinh tế
A15: 5 | B15: 7340101 | C15: Quản trị kinh doanh
A16: 6 | B16: 7340115 | C16: Marketing
A17: 7 | B17: 7340122 | C17: Thương mại điện tử
A18: 8 | B18: 7340201 | C18: Tài chính - Ngân hàng
A19: 9 | B19: 7340205 | C19: Công nghệ tài chính
A20: 10 | B20: 7480101 | C20: Khoa học máy tính
A21: 11 | B21: 7480201 | C21: Công nghệ thông tin
A22: 12 | B22: 7510205 | C22: Công nghệ kỹ thuật ô tô
... A30: 20 | B30: 7140231 | C30: Sư phạm Tiếng Anh

Sheet HUSC
A1: Trường Đại học Khoa học - Đại học Huế | D1: ← Về Tổng quan
A2: Miền: | B2: Miền Trung
A3: Tỉnh/TP (mới): | B3: Huế
A4: Tỉnh/TP (cũ): | B4: Thừa Thiên Huế
A5: Trang chủ: | B5: https://husc.edu.vn/
A6: Trang tuyển sinh: | B6: https://tuyensinh.husc.edu.vn/
A7: Nguồn/ghi chú: | B7: Danh sách ngành chính quy 2026. Nguồn: thông tin tuyển sinh HUSC. Cập nhật 10/2026.
A10: STT | B10: Mã ngành | C10: Tên ngành (hệ chính quy)
A11: 1 | B11: 7480103 | C11: Kỹ thuật phần mềm
A12: 2 | B12: 7420201 | C12: Công nghệ sinh học
A13: 3 | B13: 7440112 | C13: Hóa học
A14: 4 | B14: 7440301 | C14: Khoa học môi trường
A15: 5 | B15: 7480201 | C15: Công nghệ thông tin
A16: 6 | B16: 7510302 | C16: Công nghệ kỹ thuật điện tử- viễn thông
A17: 7 | B17: 7510401 | C17: Công nghệ kỹ thuật hóa học
A18: 8 | B18: 7580101 | C18: Kiến trúc
A19: 9 | B19: 7220104 | C19: Hán Nôm
A20: 10 | B20: 7229001 | C20: Triết học
A21: 11 | B21: 7229010 | C21: Lịch sử
A22: 12 | B22: 7229030 | C22: Văn học
... A27: 17 | B27: 7760101 | C27: Công tác xã hội

Sheet HCE
A1: Trường Đại học Kinh tế - Đại học Huế | D1: ← Về Tổng quan
A2: Miền: | B2: Miền Trung
A3: Tỉnh/TP (mới): | B3: Huế
A4: Tỉnh/TP (cũ): | B4: Thừa Thiên Huế
A5: Trang chủ: | B5: https://hce.edu.vn/
A6: Trang tuyển sinh: | B6: https://tuyensinh.hce.edu.vn/
A7: Nguồn/ghi chú: | B7: Danh sách ngành chính quy 2025-2026. Nguồn: các trang tuyển sinh HCE. Cập nhật 10/2026.
A10: STT | B10: Mã ngành | C10: Tên ngành (hệ chính quy)
A11: 1 | B11: 7310101 | C11: Kinh tế
A12: 2 | B12: 7310102 | C12: Kinh tế chính trị
A13: 3 | B13: 7310106 | C13: Kinh tế quốc tế
A14: 4 | B14: 7310107 | C14: Thống kê kinh tế
A15: 5 | B15: 7310109 | C15: Kinh tế số
A16: 6 | B16: 7340101 | C16: Quản trị kinh doanh
A17: 7 | B17: 7340115 | C17: Marketing
A18: 8 | B18: 7340121 | C18: Kinh doanh thương mại
A19: 9 | B19: 7340122 | C19: Thương mại điện tử
A20: 10 | B20: 7340201 | C20: Tài chính - Ngân hàng
A21: 11 | B21: 7340301 | C21: Kế toán
A22: 12 | B22: 7340302 | C22: Kiểm toán
... A25: 15 | B25: 7510605 | C25: Logistics và Quản lý chuỗi cung ứng

Sheet HUL
A1: Trường Đại học Luật - Đại học Huế | D1: ← Về Tổng quan
A2: Miền: | B2: Miền Trung
A3: Tỉnh/TP (mới): | B3: Huế
A4: Tỉnh/TP (cũ): | B4: Thừa Thiên Huế
A5: Trang chủ: | B5: https://hul.edu.vn/
A6: Trang tuyển sinh: | B6: https://tuyensinh.hul.edu.vn/
A7: Nguồn/ghi chú: | B7: Danh sách ngành chính quy 2026. Nguồn: các trang tuyển sinh HUL. Cập nhật 10/2026.
A10: STT | B10: Mã ngành | C10: Tên ngành (hệ chính quy)
A11: 1 | B11: 7140231 | C11: Sư phạm Tiếng Anh
A12: 2 | B12: 7140233 | C12: Sư phạm Tiếng Pháp
A13: 3 | B13: 7140234 | C13: Sư phạm Tiếng Trung Quốc
A14: 4 | B14: 7220201 | C14: Ngôn ngữ Anh
A15: 5 | B15: 7220202 | C15: Ngôn ngữ Nga
A16: 6 | B16: 7220203 | C16: Ngôn ngữ Pháp
A17: 7 | B17: 7220204 | C17: Ngôn ngữ Trung Quốc
A18: 8 | B18: 7220209 | C18: Ngôn ngữ Nhật
A19: 9 | B19: 7220210 | C19: Ngôn ngữ Hàn Quốc
A20: 10 | B20: 7310601 | C20: Quốc tế học
A21: 11 | B21: 7310630 | C21: Việt Nam học
A22: 12 | B22: 7310640 | C22: Hoa Kỳ học
A23: 13 | B23: 7320107 | C23: Truyền thông quốc tế

Sheet ĐHSP Huế
A1: Trường Đại học Sư phạm - Đại học Huế | D1: ← Về Tổng quan
A2: Miền: | B2: Miền Trung
A3: Tỉnh/TP (mới): | B3: Huế
A4: Tỉnh/TP (cũ): | B4: Thừa Thiên Huế
A5: Trang chủ: | B5: https://dhsphue.edu.vn/
A6: Trang tuyển sinh: | B6: https://tuyensinh.dhsphue.edu.vn/
A7: Nguồn/ghi chú: | B7: Danh sách ngành chính quy 2026. Nguồn: thông tin tuyển sinh ĐHSP Huế. Cập nhật 10/2026.
A10: STT | B10: Mã ngành | C10: Tên ngành (hệ chính quy)
A11: 1 | B11: 7140201 | C11: Giáo dục mầm non
A12: 2 | B12: 7140202 | C12: Giáo dục Tiểu học
A13: 3 | B13: 7140204 | C13: Giáo dục Công dân
A14: 4 | B14: 7140205 | C14: Giáo dục Chính trị
A15: 5 | B15: 7140208 | C15: Giáo dục Quốc phòng - An ninh
A16: 6 | B16: 7140209 | C16: Sư phạm Toán học
A17: 7 | B17: 7140210 | C17: Sư phạm Tin học
A18: 8 | B18: 7140211 | C18: Sư phạm Vật lý
A19: 9 | B19: 7140212 | C19: Sư phạm Hóa học
A20: 10 | B20: 7140213 | C20: Sư phạm Sinh học
A21: 11 | B21: 7140217 | C21: Sư phạm Ngữ văn
A22: 12 | B22: 7140218 | C22: Sư phạm Lịch sử
... A27: 17 | B27: 7310403 | C27: Tâm lý học giáo dục

Sheet Y Dược Huế
A1: Trường Đại học Y - Dược - Đại học Huế | D1: ← Về Tổng quan
A2: Miền: | B2: Miền Trung
A3: Tỉnh/TP (mới): | B3: Huế
A4: Tỉnh/TP (cũ): | B4: Thừa Thiên Huế
A5: Trang chủ: | B5: https://huemed-univ.edu.vn/
A6: Trang tuyển sinh: | B6: https://tuyensinh.huemed-univ.edu.vn/
A7: Nguồn/ghi chú: | B7: Danh sách ngành chính quy 2026. Nguồn: các trang tuyển sinh Y Dược Huế. Cập nhật 10/2026.
A10: STT | B10: Mã ngành | C10: Tên ngành (hệ chính quy)
A11: 1 | B11: 7720101 | C11: Y khoa
A12: 2 | B12: 7720110 | C12: Y học dự phòng
A13: 3 | B13: 7720115 | C13: Y học cổ truyền
A14: 4 | B14: 7720201 | C14: Dược học
A15: 5 | B15: 7720301 | C15: Điều dưỡng
A16: 6 | B16: 7720302 | C16: Hộ sinh
A17: 7 | B17: 7720401 | C17: Dinh dưỡng
A18: 8 | B18: 7720501 | C18: Răng - Hàm - Mặt
A19: 9 | B19: 7720601 | C19: Kỹ thuật xét nghiệm y học
A20: 10 | B20: 7720602 | C20: Kỹ thuật hình ảnh y học
A21: 11 | B21: 7720701 | C21: Y tế công cộng

Sheet Nghệ thuật Huế
A1: Trường Đại học Nghệ thuật - Đại học Huế | D1: ← Về Tổng quan
A2: Miền: | B2: Miền Trung
A3: Tỉnh/TP (mới): | B3: Huế
A4: Tỉnh/TP (cũ): | B4: Thừa Thiên Huế
A5: Trang chủ: | B5: https://hufa.edu.vn/
A6: Trang tuyển sinh: | B6: https://tuyensinh.hufa.edu.vn/
A7: Nguồn/ghi chú: | B7: Danh sách ngành chính quy 2026. Nguồn: các trang tuyển sinh Nghệ thuật Huế. Cập nhật 10/2026.
A10: STT | B10: Mã ngành | C10: Tên ngành (hệ chính quy)
A11: 1 | B11: 7140222 | C11: Sư phạm Mỹ thuật
A12: 2 | B12: 7210103 | C12: Hội họa
A13: 3 | B13: 7210105 | C13: Điêu khắc
A14: 4 | B14: 7210403 | C14: Thiết kế Đồ họa
A15: 5 | B15: 7210404 | C15: Thiết kế Thời trang
A16: 6 | B16: 7580108 | C16: Thiết kế Nội thất

Sheet Du lịch Huế
A1: Trường Du lịch - Đại học Huế | D1: ← Về Tổng quan
A2: Miền: | B2: Miền Trung
A3: Tỉnh/TP (mới): | B3: Huế
A4: Tỉnh/TP (cũ): | B4: Thừa Thiên Huế
A5: Trang chủ: | B5: https://huht.edu.vn/
A6: Trang tuyển sinh: | B6: https://tuyensinh.huht.edu.vn/
A7: Nguồn/ghi chú: | B7: Danh sách ngành chính quy 2026. Nguồn: các trang tuyển sinh Du lịch Huế. Cập nhật 10/2026.
A10: STT | B10: Mã ngành | C10: Tên ngành (hệ chính quy)
A11: 1 | B11: 7340101 | C11: Quản trị kinh doanh
A12: 2 | B12: 7810103 | C12: Quản trị dịch vụ du lịch và lữ hành
A13: 3 | B13: 7810201 | C13: Quản trị khách sạn
A14: 4 | B14: 7810202 | C14: Quản trị nhà hàng và dịch vụ ăn uống
A15: 5 | B15: 7810101 | C15: Du lịch
A16: 6 | B16: 7810102 | C16: Du lịch điện tử
A17: 7 | B17: 7810104 | C17: Quản trị du lịch và khách sạn

Sheet Nông Lâm Huế
A1: Trường Đại học Nông Lâm - Đại học Huế | D1: ← Về Tổng quan
A2: Miền: | B2: Miền Trung
A3: Tỉnh/TP (mới): | B3: Huế
A4: Tỉnh/TP (cũ): | B4: Thừa Thiên Huế
A5: Trang chủ: | B5: https://huaf.edu.vn/
A6: Trang tuyển sinh: | B6: https://tuyensinh.huaf.edu.vn/
A7: Nguồn/ghi chú: | B7: Danh sách ngành chính quy 2026. Nguồn: các trang tuyển sinh Nông Lâm Huế. Cập nhật 10/2026.
A10: STT | B10: Mã ngành | C10: Tên ngành (hệ chính quy)
A11: 1 | B11: 7510201 | C11: Công nghệ kỹ thuật cơ khí
A12: 2 | B12: 7520114 | C12: Kỹ thuật cơ – điện tử
A13: 3 | B13: 7540101 | C13: Công nghệ thực phẩm
A14: 4 | B14: 7540106 | C14: Đảm bảo chất lượng và an toàn thực phẩm
A15: 5 | B15: 7620105 | C15: Chăn nuôi
A16: 6 | B16: 7620110 | C16: Khoa học cây trồng
A17: 7 | B17: 7620112 | C17: Bảo vệ thực vật
A18: 8 | B18: 7620118 | C18: Nông nghiệp công nghệ cao
A19: 9 | B19: 7620210 | C19: Lâm nghiệp
A20: 10 | B20: 7620211 | C20: Quản lý tài nguyên rừng
A21: 11 | B21: 7620301 | C21: Nuôi trồng thủy sản
A22: 12 | B22: 7620302 | C22: Bệnh học thủy sản
... A25: 15 | B25: 7340116 | C25: Bất động sản

Sheet DUT
A1: Trường Đại học Bách khoa - Đại học Đà Nẵng (DUT) | D1: ← Về Tổng quan
A2: Miền: | B2: Miền Trung
A3: Tỉnh/TP (mới): | B3: Đà Nẵng
A4: Tỉnh/TP (cũ): | B4: Đà Nẵng
A5: Trang chủ: | B5: https://dut.udn.vn/
A6: Trang tuyển sinh: | B6: https://tuyensinh.dut.udn.vn/
A7: Nguồn/ghi chú: | B7: Danh sách ngành chính quy tiêu biểu 2026. Nguồn: các trang tuyển sinh DUT. Cập nhật 10/2026.
A10: STT | B10: Mã ngành | C10: Tên ngành (hệ chính quy)
A11: 1 | B11: 7420201 | C11: Công nghệ sinh học
A12: 2 | B12: 7480106 | C12: Kỹ thuật máy tính
A13: 3 | B13: 7480201 | C13: Công nghệ thông tin
A14: 4 | B14: 7510202 | C14: Công nghệ chế tạo máy
A15: 5 | B15: 7510601 | C15: Quản lý công nghiệp
A16: 6 | B16: 7520103 | C16: Kỹ thuật cơ khí
A17: 7 | B17: 7520114 | C17: Kỹ thuật cơ điện tử
A18: 8 | B18: 7520115 | C18: Kỹ thuật nhiệt
A19: 9 | B19: 7520122 | C19: Kỹ thuật tàu thủy
A20: 10 | B20: 7520201 | C20: Kỹ thuật điện
A21: 11 | B21: 7520207 | C21: Kỹ thuật điện tử - viễn thông
A22: 12 | B22: 7520216 | C22: Kỹ thuật điều khiển & tự động hóa
... A28: 18 | B28: 7580202 | C28: Kỹ thuật xây dựng công trình thủy

Sheet DUE
A1: Trường Đại học Kinh tế - Đại học Đà Nẵng (DUE) | D1: ← Về Tổng quan
A2: Miền: | B2: Miền Trung
A3: Tỉnh/TP (mới): | B3: Đà Nẵng
A4: Tỉnh/TP (cũ): | B4: Đà Nẵng
A5: Trang chủ: | B5: https://due.udn.vn/
A6: Trang tuyển sinh: | B6: https://tuyensinh.due.udn.vn/
A7: Nguồn/ghi chú: | B7: Danh sách ngành chính quy 2026. Nguồn: các trang tuyển sinh DUE. Cập nhật 10/2026.
A10: STT | B10: Mã ngành | C10: Tên ngành (hệ chính quy)
A11: 1 | B11: 7340405 | C11: Hệ thống thông tin quản lý
A12: 2 | B12: 7340115 | C12: Marketing
A13: 3 | B13: 7340122 | C13: Thương mại điện tử
A14: 4 | B14: 7340101 | C14: Quản trị kinh doanh
A15: 5 | B15: 7340120 | C15: Kinh doanh quốc tế
A16: 6 | B16: 7340121 | C16: Kinh doanh thương mại
A17: 7 | B17: 7340201 | C17: Tài chính - Ngân hàng
A18: 8 | B18: 7340301 | C18: Kế toán
A19: 9 | B19: 7340302 | C19: Kiểm toán
A20: 10 | B20: 7340404 | C20: Quản trị nhân lực
A21: 11 | B21: 7460108 | C21: Khoa học dữ liệu
A22: 12 | B22: 7310101 | C22: Kinh tế
... A29: 19 | B29: 7310205 | C29: Quản lý nhà nước

Sheet ĐHSP Đà Nẵng
A1: Trường Đại học Sư phạm - Đại học Đà Nẵng | D1: ← Về Tổng quan
A2: Miền: | B2: Miền Trung
A3: Tỉnh/TP (mới): | B3: Đà Nẵng
A4: Tỉnh/TP (cũ): | B4: Đà Nẵng
A5: Trang chủ: | B5: https://ued.udn.vn/
A6: Trang tuyển sinh: | B6: https://tuyensinh.ued.udn.vn/
A7: Nguồn/ghi chú: | B7: Danh sách ngành chính quy tiêu biểu 2025-2026. Nguồn: các trang tuyển sinh. Cập nhật 10/2026.
A10: STT | B10: Mã ngành | C10: Tên ngành (hệ chính quy)
A11: 1 | B11: 7140201 | C11: Giáo dục Mầm non
A12: 2 | B12: 7140202 | C12: Giáo dục Tiểu học
A13: 3 | B13: 7140204 | C13: Giáo dục Công dân
A14: 4 | B14: 7140205 | C14: Giáo dục Chính trị
A15: 5 | B15: 7140206 | C15: Giáo dục thể chất
A16: 6 | B16: 7140209 | C16: Sư phạm Toán học
A17: 7 | B17: 7140210 | C17: Sư phạm Tin học
A18: 8 | B18: 7140211 | C18: Sư phạm Vật lý
A19: 9 | B19: 7140212 | C19: Sư phạm Hóa học
A20: 10 | B20: 7140213 | C20: Sư phạm Sinh học
A21: 11 | B21: 7140217 | C21: Sư phạm Ngữ văn
A22: 12 | B22: 7140218 | C22: Sư phạm Lịch sử
... A29: 19 | B29: 7310401 | C29: Tâm lý học

Sheet Y Dược ĐH Đà Nẵng
A1: Trường Đại học Y Dược - Đại học Đà Nẵng | D1: ← Về Tổng quan
A2: Miền: | B2: Miền Trung
A3: Tỉnh/TP (mới): | B3: Đà Nẵng
A4: Tỉnh/TP (cũ): | B4: Đà Nẵng
A5: Trang chủ: | B5: https://ump.udn.vn/
A6: Trang tuyển sinh: | B6: https://tuyensinh.ump.udn.vn/
A7: Nguồn/ghi chú: | B7: Danh sách ngành chính quy 2025-2026. Nguồn: các trang tuyển sinh. Cập nhật 10/2026.
A10: STT | B10: Mã ngành | C10: Tên ngành (hệ chính quy)
A11: 1 | B11: 7720101 | C11: Y khoa
A12: 2 | B12: 7720501 | C12: Răng- Hàm- Mặt
A13: 3 | B13: 7720201 | C13: Dược học
A14: 4 | B14: 7720203 | C14: Hóa dược
A15: 5 | B15: 7720301 | C15: Điều dưỡng
A16: 6 | B16: 7720601 | C16: Kỹ thuật xét nghiệm y học
A17: 7 | B17: 7310401 | C17: Tâm lý học

Sheet UFL ĐH Đà Nẵng
A1: Trường Đại học Ngoại ngữ - Đại học Đà Nẵng | D1: ← Về Tổng quan
A2: Miền: | B2: Miền Trung
A3: Tỉnh/TP (mới): | B3: Đà Nẵng
A4: Tỉnh/TP (cũ): | B4: Đà Nẵng
A5: Trang chủ: | B5: https://ufl.udn.vn/
A6: Trang tuyển sinh: | B6: https://tuyensinh.ufl.udn.vn/
A7: Nguồn/ghi chú: | B7: Danh sách ngành chính quy 2025. Nguồn: các trang tuyển sinh. Cập nhật 10/2026.
A10: STT | B10: Mã ngành | C10: Tên ngành (hệ chính quy)
A11: 1 | B11: 7140231 | C11: Sư phạm tiếng Anh
A12: 2 | B12: 7140233 | C12: Sư phạm tiếng Pháp
A13: 3 | B13: 7140234 | C13: Sư phạm tiếng Trung Quốc
A14: 4 | B14: 7220201 | C14: Ngôn ngữ Anh
A15: 5 | B15: 7220202 | C15: Ngôn ngữ Nga
A16: 6 | B16: 7220203 | C16: Ngôn ngữ Pháp
A17: 7 | B17: 7220204 | C17: Ngôn ngữ Trung Quốc
A18: 8 | B18: 7220209 | C18: Ngôn ngữ Nhật
A19: 9 | B19: 7220210 | C19: Ngôn ngữ Hàn Quốc
A20: 10 | B20: 7310206 | C20: Quan hệ quốc tế
A21: 11 | B21: 7310601 | C21: Quốc tế học
A22: 12 | B22: 7310608 | C22: Đông phương học

Sheet DTU
A1: Trường Đại học Duy Tân (DTU) | D1: ← Về Tổng quan
A2: Miền: | B2: Miền Trung
A3: Tỉnh/TP (mới): | B3: Đà Nẵng
A4: Tỉnh/TP (cũ): | B4: Đà Nẵng
A5: Trang chủ: | B5: https://duytan.edu.vn/
A6: Trang tuyển sinh: | B6: https://tuyensinh.duytan.edu.vn/
A7: Nguồn/ghi chú: | B7: Danh sách ngành chính quy tiêu biểu 2026. Nguồn: các trang tuyển sinh DTU. Cập nhật 10/2026.
A10: STT | B10: Mã ngành | C10: Tên ngành (hệ chính quy)
A11: 1 | B11: 7480103 | C11: Kỹ thuật phần mềm
A12: 2 | B12: 7480202 | C12: An toàn thông tin
A13: 3 | B13: 7480101 | C13: Khoa học máy tính
A14: 4 | B14: 7480107 | C14: Trí tuệ nhân tạo
A15: 5 | B15: 7460108 | C15: Khoa học dữ liệu
A16: 6 | B16: 7480102 | C16: Mạng máy tính và Truyền thông dữ liệu
A17: 7 | B17: 7510301 | C17: Công nghệ kỹ thuật điện, điện tử
A18: 8 | B18: 7510205 | C18: Công nghệ kỹ thuật ô tô
A19: 9 | B19: 7520216 | C19: Kỹ thuật Điều khiển và tự động hóa
A20: 10 | B20: 7340101 | C20: Quản trị kinh doanh
A21: 11 | B21: 7340122 | C21: Thương mại điện tử
A22: 12 | B22: 7340404 | C22: Quản trị nhân lực
... A30: 20 | B30: 7220209 | C30: Ngôn ngữ Nhật

Sheet ĐH Đông Á
A1: Trường Đại học Đông Á | D1: ← Về Tổng quan
A2: Miền: | B2: Miền Trung
A3: Tỉnh/TP (mới): | B3: Đà Nẵng
A4: Tỉnh/TP (cũ): | B4: Đà Nẵng
A5: Trang chủ: | B5: https://donga.edu.vn/
A6: Trang tuyển sinh: | B6: https://tuyensinh.donga.edu.vn/
A7: Nguồn/ghi chú: | B7: Danh sách ngành chính quy tiêu biểu 2026. Nguồn: các trang tuyển sinh Đông Á. Cập nhật 10/2026.
A10: STT | B10: Mã ngành | C10: Tên ngành (hệ chính quy)
A11: 1 | B11: 7720101 | C11: Y khoa
A12: 2 | B12: 7720201 | C12: Dược
A13: 3 | B13: 7720301 | C13: Điều dưỡng
A14: 4 | B14: 7720302 | C14: Hộ sinh
A15: 5 | B15: 7720603 | C15: Kỹ thuật phục hồi chức năng
A16: 6 | B16: 7720401 | C16: Dinh dưỡng
A17: 7 | B17: 7510205 | C17: Công nghệ Kỹ thuật Ô tô
A18: 8 | B18: 7520114 | C18: Kỹ thuật Cơ điện tử
A19: 9 | B19: 7480201 | C19: Công nghệ thông tin
A20: 10 | B20: 7480106 | C20: Kỹ thuật máy tính
A21: 11 | B21: 7480107 | C21: Trí tuệ nhân tạo
A22: 12 | B22: 7510301 | C22: Công nghệ Kỹ thuật Điện – Điện tử
... A34: 24 | B34: 7340101 | C34: Quản trị kinh doanh

Sheet NTU
A1: Trường Đại học Nha Trang | D1: ← Về Tổng quan
A2: Miền: | B2: Miền Trung
A3: Tỉnh/TP (mới): | B3: Khánh Hòa
A4: Tỉnh/TP (cũ): | B4: Khánh Hòa
A5: Trang chủ: | B5: https://ntu.edu.vn/
A6: Trang tuyển sinh: | B6: https://tuyensinh.ntu.edu.vn/
A7: Nguồn/ghi chú: | B7: Danh sách ngành chính quy tiêu biểu 2026. Nguồn: các trang tuyển sinh NTU. Cập nhật 10/2026.
A10: STT | B10: Mã ngành | C10: Tên ngành (hệ chính quy)
A11: 1 | B11: 7480201 | C11: Công nghệ thông tin
A12: 2 | B12: 7340301 | C12: Kế toán
A13: 3 | B13: 7340201 | C13: Tài chính - Ngân hàng
A14: 4 | B14: 7340101 | C14: Quản trị kinh doanh
A15: 5 | B15: 7810201 | C15: Quản trị khách sạn
A16: 6 | B16: 7810103 | C16: Quản trị dịch vụ du lịch và lữ hành
A17: 7 | B17: 7540105 | C17: Công nghệ chế biến thủy sản
A18: 8 | B18: 7620301 | C18: Nuôi trồng thủy sản
A19: 9 | B19: 7420201 | C19: Công nghệ sinh học
A20: 10 | B20: 7520103 | C20: Cơ khí thủy sản / Kỹ thuật cơ khí
A21: 11 | B21: 7620303 | C21: Khoa học thủy sản
A22: 12 | B22: 7620305 | C22: Quản lý thủy sản
... A25: 15 | B25: 7520320 | C25: Kỹ thuật môi trường

Sheet HV Hải quân
A1: Học viện Hải quân | D1: ← Về Tổng quan
A2: Miền: | B2: Miền Trung
A3: Tỉnh/TP (mới): | B3: Khánh Hòa
A4: Tỉnh/TP (cũ): | B4: Khánh Hòa
A5: Trang chủ: | B5: https://hocvienhaiquan.edu.vn/
A6: Trang tuyển sinh: | B6: Trang tuyển sinh quân sự
A7: Nguồn/ghi chú: | B7: Danh sách ngành chính quy 2026. Nguồn: thông tin tuyển sinh HV Hải quân. Cập nhật 10/2026.
A10: STT | B10: Mã ngành | C10: Tên ngành (hệ chính quy)
A11: 1 | B11: 7860202 | C11: Chỉ huy tham mưu Hải quân

Sheet SQ Thông tin
A1: Trường Sĩ quan Thông tin (Đại học Thông tin liên lạc) | D1: ← Về Tổng quan
A2: Miền: | B2: Miền Trung
A3: Tỉnh/TP (mới): | B3: Khánh Hòa
A4: Tỉnh/TP (cũ): | B4: Khánh Hòa
A5: Trang chủ: | B5: https://truongthongtin.edu.vn/
A6: Trang tuyển sinh: | B6: Trang tuyển sinh quân sự
A7: Nguồn/ghi chú: | B7: Danh sách ngành chính quy 2026. Nguồn: đề án tuyển sinh. Cập nhật 10/2026.
A10: STT | B10: Mã ngành | C10: Tên ngành (hệ chính quy)
A11: 1 | B11: 7860219 | C11: Chỉ huy – Tham mưu Thông tin

Sheet SQ Không quân
A1: Trường Sĩ quan Không quân | D1: ← Về Tổng quan
A2: Miền: | B2: Miền Trung
A3: Tỉnh/TP (mới): | B3: Khánh Hòa
A4: Tỉnh/TP (cũ): | B4: Khánh Hòa
A5: Trang chủ: | B5: https://truongkhongquan.edu.vn/
A6: Trang tuyển sinh: | B6: Trang tuyển sinh quân sự
A7: Nguồn/ghi chú: | B7: Danh sách ngành chính quy 2025-2026. Nguồn: đề án tuyển sinh. Cập nhật 10/2026.
A10: STT | B10: Mã ngành | C10: Tên ngành (hệ chính quy)
A11: 1 | B11: 7860203 | C11: Chỉ huy tham mưu Không quân / Phi công quân sự / Thiết bị bay không người lái

Sheet QNU
A1: Trường Đại học Quy Nhơn | D1: ← Về Tổng quan
A2: Miền: | B2: Miền Trung
A3: Tỉnh/TP (mới): | B3: Gia Lai
A4: Tỉnh/TP (cũ): | B4: Bình Định
A5: Trang chủ: | B5: https://qnu.edu.vn/
A6: Trang tuyển sinh: | B6: https://tuyensinh.qnu.edu.vn/
A7: Nguồn/ghi chú: | B7: Danh sách ngành chính quy tiêu biểu 2026. Nguồn: các trang tuyển sinh QNU. Cập nhật 10/2026.
A10: STT | B10: Mã ngành | C10: Tên ngành (hệ chính quy)
A11: 1 | B11: 7480103 | C11: Kỹ thuật phần mềm
A12: 2 | B12: 7480107 | C12: Trí tuệ nhân tạo
A13: 3 | B13: 7520207 | C13: Kỹ thuật điện tử - viễn thông
A14: 4 | B14: 7480201 | C14: Công nghệ thông tin
A15: 5 | B15: 7520201 | C15: Kỹ thuật điện
A16: 6 | B16: 7520216 | C16: Kỹ thuật điều khiển và TĐH
A17: 7 | B17: 7520401 | C17: Vật lý kỹ thuật
A18: 8 | B18: 7540101 | C18: Công nghệ thực phẩm
A19: 9 | B19: 7580201 | C19: Kỹ thuật xây dựng
A20: 10 | B20: 7620301 | C20: Nuôi trồng thủy sản

Sheet DLU
A1: Trường Đại học Đà Lạt | D1: ← Về Tổng quan
A2: Miền: | B2: Miền Trung
A3: Tỉnh/TP (mới): | B3: Lâm Đồng
A4: Tỉnh/TP (cũ): | B4: Lâm Đồng
A5: Trang chủ: | B5: https://dlu.edu.vn/
A6: Trang tuyển sinh: | B6: https://tuyensinh.dlu.edu.vn/
A7: Nguồn/ghi chú: | B7: Danh sách ngành chính quy tiêu biểu 2026. Nguồn: các trang tuyển sinh DLU. Cập nhật 10/2026.
A10: STT | B10: Mã ngành | C10: Tên ngành (hệ chính quy)
A11: 1 | B11: 7140209 | C11: Sư phạm Toán học
A12: 2 | B12: 7140210 | C12: Sư phạm Tin học
A13: 3 | B13: 7140211 | C13: Sư phạm Vật lý
A14: 4 | B14: 7140212 | C14: Sư phạm Hóa học
A15: 5 | B15: 7140213 | C15: Sư phạm Sinh học
A16: 6 | B16: 7140217 | C16: Sư phạm Ngữ văn
A17: 7 | B17: 7140218 | C17: Sư phạm Lịch sử
A18: 8 | B18: 7140231 | C18: Sư phạm Tiếng Anh
A19: 9 | B19: 7140202 | C19: Giáo dục Tiểu học
A20: 10 | B20: 7460101 | C20: Toán học
A21: 11 | B21: 7460108 | C21: Khoa học dữ liệu
A22: 12 | B22: 7480201 | C22: Công nghệ thông tin
... A34: 24 | B34: 7340201 | C34: Tài chính - Ngân hàng

Sheet ĐH Tây Nguyên
A1: Trường Đại học Tây Nguyên | D1: ← Về Tổng quan
A2: Miền: | B2: Miền Trung
A3: Tỉnh/TP (mới): | B3: Đắk Lắk
A4: Tỉnh/TP (cũ): | B4: Đắk Lắk
A5: Trang chủ: | B5: https://ttn.edu.vn/
A6: Trang tuyển sinh: | B6: https://tuyensinh.ttn.edu.vn/
A7: Nguồn/ghi chú: | B7: Danh sách ngành chính quy 2025. Nguồn: các trang tuyển sinh. Cập nhật 10/2026.
A10: STT | B10: Mã ngành | C10: Tên ngành (hệ chính quy)
A11: 1 | B11: 7720101 | C11: Y khoa
A12: 2 | B12: 7720301 | C12: Điều dưỡng
A13: 3 | B13: 7720601 | C13: Kỹ thuật xét nghiệm y học
A14: 4 | B14: 7140201 | C14: Giáo dục Mầm non
A15: 5 | B15: 7140202 | C15: Giáo dục Tiểu học
A16: 6 | B16: 7140209 | C16: Sư phạm Toán học
A17: 7 | B17: 7140211 | C17: Sư phạm Vật lý
A18: 8 | B18: 7140212 | C18: Sư phạm Hóa học
A19: 9 | B19: 7140213 | C19: Sư phạm Sinh học
A20: 10 | B20: 7140217 | C20: Sư phạm Ngữ văn
A21: 11 | B21: 7140231 | C21: Sư phạm Tiếng Anh
A22: 12 | B22: 7220201 | C22: Ngôn ngữ Anh
... A33: 23 | B33: 7850103 | C33: Quản lý đất đai

Sheet HCMUT
A1: Trường Đại học Bách khoa - ĐHQG TP.HCM (HCMUT) | D1: ← Về Tổng quan
A2: Miền: | B2: Miền Nam
A3: Tỉnh/TP (mới): | B3: TP. Hồ Chí Minh
A4: Tỉnh/TP (cũ): | B4: TP. Hồ Chí Minh
A5: Trang chủ: | B5: https://hcmut.edu.vn/
A6: Trang tuyển sinh: | B6: https://tuyensinh.hcmut.edu.vn/ hoặc https://mybk.hcmut.edu.vn/tuyensinh/
A7: Nguồn/ghi chú: | B7: Danh sách ngành chính quy tiêu biểu 2026. Nguồn: các trang tuyển sinh HCMUT. Cập nhật 10/2026.
A10: STT | B10: Mã ngành | C10: Tên ngành (hệ chính quy)
A11: 1 | B11: 7480101 | C11: Khoa học Máy tính
A12: 2 | B12: 7480106 | C12: Kỹ thuật Máy tính
A13: 3 | B13: 7520201 | C13: Kỹ thuật Điện
A14: 4 | B14: 7520207 | C14: Kỹ thuật Điện tử – Viễn thông
A15: 5 | B15: 7520216 | C15: Kỹ thuật Điều khiển và Tự động hóa
A16: 6 | B16: 7520103 | C16: Kỹ thuật Cơ khí
A17: 7 | B17: 7520114 | C17: Kỹ thuật Cơ Điện tử
A18: 8 | B18: 7520107 | C18: Kỹ thuật Robot
A19: 9 | B19: 7540101 | C19: Công nghệ Thực phẩm
A20: 10 | B20: 7420201 | C20: Công nghệ Sinh học
A21: 11 | B21: 7520301 | C21: Kỹ thuật Hóa học
A22: 12 | B22: 7580201 | C22: Kỹ thuật Xây dựng
... A25: 15 | B25: 7520120 | C25: Kỹ thuật Hàng không

Sheet HCMUS
A1: Trường Đại học Khoa học Tự nhiên - ĐHQG TP.HCM (HCMUS) | D1: ← Về Tổng quan
A2: Miền: | B2: Miền Nam
A3: Tỉnh/TP (mới): | B3: TP. Hồ Chí Minh
A4: Tỉnh/TP (cũ): | B4: TP. Hồ Chí Minh
A5: Trang chủ: | B5: https://hcmus.edu.vn/
A6: Trang tuyển sinh: | B6: https://tuyensinh.hcmus.edu.vn/
A7: Nguồn/ghi chú: | B7: Danh sách ngành chính quy tiêu biểu 2026. Nguồn: tuyensinh.hcmus.edu.vn. Cập nhật 10/2026.
A10: STT | B10: Mã ngành | C10: Tên ngành (hệ chính quy)
A11: 1 | B11: 7420101 | C11: Sinh học
A12: 2 | B12: 7420201 | C12: Công nghệ Sinh học
A13: 3 | B13: 7440102 | C13: Vật lý học
A14: 4 | B14: 7440112 | C14: Hóa học
A15: 5 | B15: 7440122 | C15: Khoa học Vật liệu
A16: 6 | B16: 7480101 | C16: Khoa học máy tính
A17: 7 | B17: 7480107 | C17: Trí tuệ nhân tạo
A18: 8 | B18: 7480201 | C18: Công nghệ thông tin
A19: 9 | B19: 7460108 | C19: Khoa học dữ liệu
A20: 10 | B20: 7460112 | C20: Toán ứng dụng
A21: 11 | B21: 7440301 | C21: Khoa học Môi trường
A22: 12 | B22: 7520401 | C22: Công nghệ bán dẫn / Vật lý kỹ thuật

Sheet UIT
A1: Trường Đại học Công nghệ Thông tin - ĐHQG TP.HCM (UIT) | D1: ← Về Tổng quan
A2: Miền: | B2: Miền Nam
A3: Tỉnh/TP (mới): | B3: TP. Hồ Chí Minh
A4: Tỉnh/TP (cũ): | B4: TP. Hồ Chí Minh
A5: Trang chủ: | B5: https://uit.edu.vn/
A6: Trang tuyển sinh: | B6: https://tuyensinh.uit.edu.vn/
A7: Nguồn/ghi chú: | B7: Danh sách ngành chính quy 2026. Nguồn: các trang tuyển sinh UIT. Cập nhật 10/2026.
A10: STT | B10: Mã ngành | C10: Tên ngành (hệ chính quy)
A11: 1 | B11: 7480101 | C11: Khoa học máy tính
A12: 2 | B12: 7480107 | C12: Trí tuệ nhân tạo
A13: 3 | B13: 7480102 | C13: Mạng máy tính và Truyền thông dữ liệu
A14: 4 | B14: 7480103 | C14: Kỹ thuật phần mềm
A15: 5 | B15: 7480104 | C15: Hệ thống thông tin
A16: 6 | B16: 7340122 | C16: Thương mại điện tử
A17: 7 | B17: 7480201 | C17: Công nghệ thông tin
A18: 8 | B18: 7460108 | C18: Khoa học dữ liệu
A19: 9 | B19: 7480202 | C19: An toàn thông tin
A20: 10 | B20: 7480106 | C20: Kỹ thuật máy tính
A21: 11 | B21: 7480105 | C21: Thiết kế vi mạch

Sheet UEL
A1: Trường Đại học Kinh tế - Luật - ĐHQG TP.HCM (UEL) | D1: ← Về Tổng quan
A2: Miền: | B2: Miền Nam
A3: Tỉnh/TP (mới): | B3: TP. Hồ Chí Minh
A4: Tỉnh/TP (cũ): | B4: TP. Hồ Chí Minh
A5: Trang chủ: | B5: https://uel.edu.vn/
A6: Trang tuyển sinh: | B6: https://tuyensinh.uel.edu.vn/
A7: Nguồn/ghi chú: | B7: Danh sách ngành chính quy tiêu biểu 2025-2026. Nguồn: các trang tuyển sinh UEL. Cập nhật 10/2026.
A10: STT | B10: Mã ngành | C10: Tên ngành (hệ chính quy)
A11: 1 | B11: 7310101 | C11: Kinh tế
A12: 2 | B12: 7310106 | C12: Kinh tế quốc tế
A13: 3 | B13: 7340101 | C13: Quản trị kinh doanh
A14: 4 | B14: 7340115 | C14: Marketing
A15: 5 | B15: 7340120 | C15: Kinh doanh quốc tế
A16: 6 | B16: 7340122 | C16: Thương mại điện tử
A17: 7 | B17: 7340201 | C17: Tài chính – Ngân hàng
A18: 8 | B18: 7340205 | C18: Công nghệ tài chính
A19: 9 | B19: 7340301 | C19: Kế toán
A20: 10 | B20: 7340302 | C20: Kiểm toán
A21: 11 | B21: 7340405 | C21: Hệ thống thông tin quản lý
A22: 12 | B22: 7380107 | C22: Luật kinh tế

Sheet IU (HCMIU)
A1: Trường Đại học Quốc tế - ĐHQG TP.HCM (IU) | D1: ← Về Tổng quan
A2: Miền: | B2: Miền Nam
A3: Tỉnh/TP (mới): | B3: TP. Hồ Chí Minh
A4: Tỉnh/TP (cũ): | B4: TP. Hồ Chí Minh
A5: Trang chủ: | B5: https://hcmiu.edu.vn/
A6: Trang tuyển sinh: | B6: https://tuyensinh.hcmiu.edu.vn/
A7: Nguồn/ghi chú: | B7: Danh sách ngành chính quy tiêu biểu 2025-2026. Nguồn: các trang tuyển sinh IU. Cập nhật 10/2026.
A10: STT | B10: Mã ngành | C10: Tên ngành (hệ chính quy)
A11: 1 | B11: 7220201 | C11: Ngôn ngữ Anh
A12: 2 | B12: 7340101 | C12: Quản trị kinh doanh
A13: 3 | B13: 7340115 | C13: Marketing
A14: 4 | B14: 7340201 | C14: Tài chính – Ngân hàng
A15: 5 | B15: 7340301 | C15: Kế toán
A16: 6 | B16: 7310101 | C16: Kinh tế
A17: 7 | B17: 7480201 | C17: Công nghệ thông tin
A18: 8 | B18: 7480101 | C18: Khoa học máy tính
A19: 9 | B19: 7460108 | C19: Khoa học dữ liệu
A20: 10 | B20: 7420201 | C20: Công nghệ sinh học
A21: 11 | B21: 7540101 | C21: Công nghệ thực phẩm
A22: 12 | B22: 7520207 | C22: Kỹ thuật điện tử – viễn thông
A23: 13 | B23: 7580201 | C23: Kỹ thuật xây dựng

Sheet USSH TP.HCM
A1: Trường Đại học Khoa học Xã hội và Nhân văn - ĐHQG TP.HCM | D1: ← Về Tổng quan
A2: Miền: | B2: Miền Nam
A3: Tỉnh/TP (mới): | B3: TP. Hồ Chí Minh
A4: Tỉnh/TP (cũ): | B4: TP. Hồ Chí Minh
A5: Trang chủ: | B5: https://hcmussh.edu.vn/
A6: Trang tuyển sinh: | B6: https://tuyensinh.hcmussh.edu.vn/
A7: Nguồn/ghi chú: | B7: Danh sách ngành chính quy tiêu biểu 2026. Nguồn: các trang tuyển sinh USSH. Cập nhật 10/2026.
A10: STT | B10: Mã ngành | C10: Tên ngành (hệ chính quy)
A11: 1 | B11: 7140101 | C11: Giáo dục học
A12: 2 | B12: 7140114 | C12: Quản lý giáo dục
A13: 3 | B13: 7210213 | C13: Nghệ thuật học
A14: 4 | B14: 7220201 | C14: Ngôn ngữ Anh
A15: 5 | B15: 7220202 | C15: Ngôn ngữ Nga
A16: 6 | B16: 7220203 | C16: Ngôn ngữ Pháp
A17: 7 | B17: 7220204 | C17: Ngôn ngữ Trung Quốc
A18: 8 | B18: 7229001 | C18: Triết học
A19: 9 | B19: 7229010 | C19: Lịch sử
A20: 10 | B20: 7229020 | C20: Ngôn ngữ học
A21: 11 | B21: 7229030 | C21: Văn học
A22: 12 | B22: 7229040 | C22: Văn hoá học
... A29: 19 | B29: 7320101 | C29: Báo chí

Sheet UEH
A1: Đại học Kinh tế TP.HCM (UEH) | D1: ← Về Tổng quan
A2: Miền: | B2: Miền Nam
A3: Tỉnh/TP (mới): | B3: TP. Hồ Chí Minh
A4: Tỉnh/TP (cũ): | B4: TP. Hồ Chí Minh
A5: Trang chủ: | B5: https://ueh.edu.vn/
A6: Trang tuyển sinh: | B6: https://tuyensinh.ueh.edu.vn/
A7: Nguồn/ghi chú: | B7: Danh sách ngành chính quy tiêu biểu 2025-2026. Nguồn: các trang tuyển sinh UEH. Cập nhật 10/2026.
A10: STT | B10: Mã ngành | C10: Tên ngành (hệ chính quy)
A11: 1 | B11: 7220201 | C11: Tiếng Anh thương mại
A12: 2 | B12: 7310101 | C12: Kinh tế
A13: 3 | B13: 7310102 | C13: Kinh tế chính trị
A14: 4 | B14: 7310104 | C14: Kinh tế đầu tư
A15: 5 | B15: 7310107 | C15: Thống kê kinh doanh
A16: 6 | B16: 7310108 | C16: Toán tài chính
A17: 7 | B17: 7340101 | C17: Quản trị kinh doanh
A18: 8 | B18: 7340115 | C18: Marketing
A19: 9 | B19: 7340116 | C19: Bất động sản
A20: 10 | B20: 7340120 | C20: Kinh doanh quốc tế
A21: 11 | B21: 7340121 | C21: Kinh doanh thương mại
A22: 12 | B22: 7340122 | C22: Thương mại điện tử
... A26: 16 | B26: 7380101 | C26: Luật

Sheet TDTU
A1: Trường Đại học Tôn Đức Thắng (TDTU) | D1: ← Về Tổng quan
A2: Miền: | B2: Miền Nam
A3: Tỉnh/TP (mới): | B3: TP. Hồ Chí Minh
A4: Tỉnh/TP (cũ): | B4: TP. Hồ Chí Minh
A5: Trang chủ: | B5: https://tdtu.edu.vn/
A6: Trang tuyển sinh: | B6: https://tuyensinh.tdtu.edu.vn/
A7: Nguồn/ghi chú: | B7: Danh sách ngành chính quy tiêu biểu 2026. Nguồn: các trang tuyển sinh TDTU. Cập nhật 10/2026.
A10: STT | B10: Mã ngành | C10: Tên ngành (hệ chính quy)
A11: 1 | B11: 7420201 | C11: Công nghệ sinh học
A12: 2 | B12: 7520301 | C12: Kỹ thuật hóa học
A13: 3 | B13: 7480201 | C13: Công nghệ thông tin
A14: 4 | B14: 7480101 | C14: Khoa học máy tính
A15: 5 | B15: 7340101 | C15: Quản trị kinh doanh
A16: 6 | B16: 7340115 | C16: Marketing
A17: 7 | B17: 7340201 | C17: Tài chính – Ngân hàng
A18: 8 | B18: 7340301 | C18: Kế toán
A19: 9 | B19: 7220201 | C19: Ngôn ngữ Anh
A20: 10 | B20: 7510205 | C20: Công nghệ kỹ thuật ô tô
A21: 11 | B21: 7580201 | C21: Kỹ thuật xây dựng
A22: 12 | B22: 7520216 | C22: Kỹ thuật điều khiển và tự động hóa

Sheet HCMUE
A1: Trường Đại học Sư phạm TP.HCM (HCMUE) | D1: ← Về Tổng quan
A2: Miền: | B2: Miền Nam
A3: Tỉnh/TP (mới): | B3: TP. Hồ Chí Minh
A4: Tỉnh/TP (cũ): | B4: TP. Hồ Chí Minh
A5: Trang chủ: | B5: https://hcmue.edu.vn/
A6: Trang tuyển sinh: | B6: https://tuyensinh.hcmue.edu.vn/
A7: Nguồn/ghi chú: | B7: Danh sách ngành chính quy tiêu biểu 2026. Nguồn: các trang tuyển sinh HCMUE. Cập nhật 10/2026.
A10: STT | B10: Mã ngành | C10: Tên ngành (hệ chính quy)
A11: 1 | B11: 7140201 | C11: Giáo dục Mầm non
A12: 2 | B12: 7140202 | C12: Giáo dục Tiểu học
A13: 3 | B13: 7140203 | C13: Giáo dục Đặc biệt
A14: 4 | B14: 7140204 | C14: Giáo dục Công dân
A15: 5 | B15: 7140205 | C15: Giáo dục Chính trị
A16: 6 | B16: 7140206 | C16: Giáo dục Thể chất
A17: 7 | B17: 7140208 | C17: Giáo dục Quốc phòng - An ninh
A18: 8 | B18: 7140209 | C18: Sư phạm Toán học
A19: 9 | B19: 7140210 | C19: Sư phạm Tin học
A20: 10 | B20: 7140211 | C20: Sư phạm Vật lý
A21: 11 | B21: 7140212 | C21: Sư phạm Hóa học
A22: 12 | B22: 7140213 | C22: Sư phạm Sinh học
... A32: 22 | B32: 7480201 | C32: Công nghệ thông tin

Sheet HCMUTE
A1: Trường Đại học Sư phạm Kỹ thuật TP.HCM (HCMUTE) | D1: ← Về Tổng quan
A2: Miền: | B2: Miền Nam
A3: Tỉnh/TP (mới): | B3: TP. Hồ Chí Minh
A4: Tỉnh/TP (cũ): | B4: TP. Hồ Chí Minh
A5: Trang chủ: | B5: https://hcmute.edu.vn/
A6: Trang tuyển sinh: | B6: https://tuyensinh.hcmute.edu.vn/
A7: Nguồn/ghi chú: | B7: Danh sách ngành chính quy tiêu biểu 2025-2026. Nguồn: các trang tuyển sinh HCMUTE. Cập nhật 10/2026.
A10: STT | B10: Mã ngành | C10: Tên ngành (hệ chính quy)
A11: 1 | B11: 7510301 | C11: Công nghệ kỹ thuật điện, điện tử
A12: 2 | B12: 7510302 | C12: Công nghệ kỹ thuật điện tử, viễn thông
A13: 3 | B13: 7510303 | C13: Công nghệ kỹ thuật điều khiển và tự động hóa
A14: 4 | B14: 7480108 | C14: Công nghệ kỹ thuật máy tính
A15: 5 | B15: 7520212 | C15: Kỹ thuật Y sinh
A16: 6 | B16: 7480201 | C16: Công nghệ thông tin
A17: 7 | B17: 7510205 | C17: Công nghệ kỹ thuật ô tô
A18: 8 | B18: 7520103 | C18: Kỹ thuật cơ khí
A19: 9 | B19: 7520114 | C19: Kỹ thuật cơ điện tử
A20: 10 | B20: 7540101 | C20: Công nghệ thực phẩm
A21: 11 | B21: 7580201 | C21: Kỹ thuật xây dựng
A22: 12 | B22: 7340101 | C22: Quản trị kinh doanh
A23: 13 | B23: 7340205 | C23: Công nghệ tài chính

Sheet IUH
A1: Trường Đại học Công nghiệp TP.HCM (IUH) | D1: ← Về Tổng quan
A2: Miền: | B2: Miền Nam
A3: Tỉnh/TP (mới): | B3: TP. Hồ Chí Minh
A4: Tỉnh/TP (cũ): | B4: TP. Hồ Chí Minh
A5: Trang chủ: | B5: https://iuh.edu.vn/
A6: Trang tuyển sinh: | B6: https://tuyensinh.iuh.edu.vn/
A7: Nguồn/ghi chú: | B7: Danh sách ngành chính quy tiêu biểu 2026. Nguồn: các trang tuyển sinh IUH. Cập nhật 10/2026.
A10: STT | B10: Mã ngành | C10: Tên ngành (hệ chính quy)
A11: 1 | B11: 7510301 | C11: Công nghệ kỹ thuật điện, điện tử
A12: 2 | B12: 7510303 | C12: Công nghệ kỹ thuật điều khiển và tự động hóa
A13: 3 | B13: 7510302 | C13: Công nghệ kỹ thuật điện tử - viễn thông
A14: 4 | B14: 7480108 | C14: Kỹ thuật máy tính
A15: 5 | B15: 7510201 | C15: Công nghệ kỹ thuật cơ khí
A16: 6 | B16: 7510203 | C16: Công nghệ kỹ thuật cơ điện tử
A17: 7 | B17: 7480201 | C17: Công nghệ thông tin
A18: 8 | B18: 7480103 | C18: Kỹ thuật phần mềm
A19: 9 | B19: 7480101 | C19: Khoa học máy tính
A20: 10 | B20: 7340101 | C20: Quản trị kinh doanh
A21: 11 | B21: 7340115 | C21: Marketing
A22: 12 | B22: 7340120 | C22: Kinh doanh quốc tế
... A26: 16 | B26: 7540101 | C26: Công nghệ thực phẩm

Sheet HUIT
A1: Trường Đại học Công Thương TP.HCM (HUIT) | D1: ← Về Tổng quan
A2: Miền: | B2: Miền Nam
A3: Tỉnh/TP (mới): | B3: TP. Hồ Chí Minh
A4: Tỉnh/TP (cũ): | B4: TP. Hồ Chí Minh
A5: Trang chủ: | B5: https://huit.edu.vn/
A6: Trang tuyển sinh: | B6: https://tuyensinh.huit.edu.vn/
A7: Nguồn/ghi chú: | B7: Danh sách ngành chính quy tiêu biểu 2026. Nguồn: các trang tuyển sinh HUIT. Cập nhật 10/2026.
A10: STT | B10: Mã ngành | C10: Tên ngành (hệ chính quy)
A11: 1 | B11: 7810103 | C11: Quản trị dịch vụ du lịch và lữ hành
A12: 2 | B12: 7810201 | C12: Quản trị khách sạn
A13: 3 | B13: 7810202 | C13: Quản trị nhà hàng và dịch vụ ăn uống
A14: 4 | B14: 7380101 | C14: Luật
A15: 5 | B15: 7380107 | C15: Luật kinh tế
A16: 6 | B16: 7220201 | C16: Ngôn ngữ Anh
A17: 7 | B17: 7220204 | C17: Ngôn ngữ Trung Quốc
A18: 8 | B18: 7480201 | C18: Công nghệ thông tin
A19: 9 | B19: 7480202 | C19: An toàn thông tin
A20: 10 | B20: 7460108 | C20: Khoa học dữ liệu
A21: 11 | B21: 7340301 | C21: Kế toán
A22: 12 | B22: 7340201 | C22: Tài chính ngân hàng
... A32: 22 | B32: 7510303 | C32: Công nghệ kỹ thuật điều khiển và tự động hóa

Sheet UTH
A1: Trường Đại học Giao thông vận tải TP.HCM (UTH) | D1: ← Về Tổng quan
A2: Miền: | B2: Miền Nam
A3: Tỉnh/TP (mới): | B3: TP. Hồ Chí Minh
A4: Tỉnh/TP (cũ): | B4: TP. Hồ Chí Minh
A5: Trang chủ: | B5: https://ut.edu.vn/
A6: Trang tuyển sinh: | B6: https://tuyensinh.ut.edu.vn/
A7: Nguồn/ghi chú: | B7: Danh sách ngành chính quy tiêu biểu 2026. Nguồn: các trang tuyển sinh UTH. Cập nhật 10/2026.
A10: STT | B10: Mã ngành | C10: Tên ngành (hệ chính quy)
A11: 1 | B11: 7480201 | C11: Công nghệ thông tin
A12: 2 | B12: 7510605 | C12: Logistics và quản lý chuỗi cung ứng
A13: 3 | B13: 7340101 | C13: Quản trị kinh doanh
A14: 4 | B14: 7220201 | C14: Ngôn ngữ Anh
A15: 5 | B15: 7380101 | C15: Luật
A16: 6 | B16: 7510201 | C16: Công nghệ kỹ thuật cơ khí
A17: 7 | B17: 7510303 | C17: Công nghệ kỹ thuật điều khiển và tự động hóa
A18: 8 | B18: 7510205 | C18: Công nghệ kỹ thuật ô tô
A19: 9 | B19: 7520103 | C19: Kỹ thuật cơ khí
A20: 10 | B20: 7520216 | C20: Kỹ thuật điều khiển và tự động hóa
A21: 11 | B21: 7340405 | C21: Hệ thống thông tin quản lý

Sheet OU
A1: Trường Đại học Mở TP.HCM (OU) | D1: ← Về Tổng quan
A2: Miền: | B2: Miền Nam
A3: Tỉnh/TP (mới): | B3: TP. Hồ Chí Minh
A4: Tỉnh/TP (cũ): | B4: TP. Hồ Chí Minh
A5: Trang chủ: | B5: https://ou.edu.vn/
A6: Trang tuyển sinh: | B6: https://tuyensinh.ou.edu.vn/
A7: Nguồn/ghi chú: | B7: Danh sách ngành chính quy tiêu biểu 2026. Nguồn: các trang tuyển sinh OU. Cập nhật 10/2026.
A10: STT | B10: Mã ngành | C10: Tên ngành (hệ chính quy)
A11: 1 | B11: 7480107 | C11: Trí tuệ nhân tạo
A12: 2 | B12: 7480101 | C12: Khoa học máy tính
A13: 3 | B13: 7480103 | C13: Kỹ thuật phần mềm
A14: 4 | B14: 7480201 | C14: Công nghệ thông tin
A15: 5 | B15: 7340405 | C15: Hệ thống thông tin quản lý
A16: 6 | B16: 7480202 | C16: An toàn thông tin
A17: 7 | B17: 7420201 | C17: Công nghệ sinh học
A18: 8 | B18: 7540101 | C18: Công nghệ thực phẩm
A19: 9 | B19: 7340301 | C19: Kế toán
A20: 10 | B20: 7340302 | C20: Kiểm toán
A21: 11 | B21: 7340101 | C21: Quản trị kinh doanh
A22: 12 | B22: 7340115 | C22: Marketing
... A25: 15 | B25: 7460108 | C25: Khoa học dữ liệu

Sheet UFM
A1: Trường Đại học Tài chính - Marketing (UFM) | D1: ← Về Tổng quan
A2: Miền: | B2: Miền Nam
A3: Tỉnh/TP (mới): | B3: TP. Hồ Chí Minh
A4: Tỉnh/TP (cũ): | B4: TP. Hồ Chí Minh
A5: Trang chủ: | B5: https://ufm.edu.vn/
A6: Trang tuyển sinh: | B6: https://tuyensinh.ufm.edu.vn/
A7: Nguồn/ghi chú: | B7: Danh sách ngành chính quy tiêu biểu 2025-2026. Nguồn: các trang tuyển sinh UFM. Cập nhật 10/2026.
A10: STT | B10: Mã ngành | C10: Tên ngành (hệ chính quy)
A11: 1 | B11: 7310101 | C11: Kinh tế
A12: 2 | B12: 7380107 | C12: Luật kinh tế
A13: 3 | B13: 7310108 | C13: Toán kinh tế
A14: 4 | B14: 7220201 | C14: Ngôn ngữ Anh
A15: 5 | B15: 7340405 | C15: Hệ thống thông tin quản lý
A16: 6 | B16: 7340116 | C16: Bất động sản
A17: 7 | B17: 7460108 | C17: Khoa học dữ liệu
A18: 8 | B18: 7310110 | C18: Quản lý kinh tế
A19: 9 | B19: 7340101 | C19: Quản trị kinh doanh
A20: 10 | B20: 7340115 | C20: Marketing
A21: 11 | B21: 7340120 | C21: Kinh doanh quốc tế
A22: 12 | B22: 7340201 | C22: Tài chính - Ngân hàng
... A27: 17 | B27: 7810201 | C27: Quản trị khách sạn

Sheet HUB
A1: Trường Đại học Ngân hàng TP.HCM (HUB) | D1: ← Về Tổng quan
A2: Miền: | B2: Miền Nam
A3: Tỉnh/TP (mới): | B3: TP. Hồ Chí Minh
A4: Tỉnh/TP (cũ): | B4: TP. Hồ Chí Minh
A5: Trang chủ: | B5: https://hub.edu.vn/
A6: Trang tuyển sinh: | B6: https://tuyensinh.hub.edu.vn/
A7: Nguồn/ghi chú: | B7: Danh sách ngành chính quy tiêu biểu 2025-2026. Nguồn: các trang tuyển sinh HUB. Cập nhật 10/2026.
A10: STT | B10: Mã ngành | C10: Tên ngành (hệ chính quy)
A11: 1 | B11: 7340201 | C11: Tài chính – Ngân hàng
A12: 2 | B12: 7340205 | C12: Công nghệ tài chính
A13: 3 | B13: 7340101 | C13: Quản trị kinh doanh
A14: 4 | B14: 7340115 | C14: Marketing
A15: 5 | B15: 7510605 | C15: Logistics và Quản lý chuỗi cung ứng
A16: 6 | B16: 7340301 | C16: Kế toán
A17: 7 | B17: 7340302 | C17: Kiểm toán
A18: 8 | B18: 7340120 | C18: Kinh doanh quốc tế
A19: 9 | B19: 7310106 | C19: Kinh tế quốc tế
A20: 10 | B20: 7340405 | C20: Hệ thống thông tin quản lý
A21: 11 | B21: 7480201 | C21: Công nghệ thông tin
A22: 12 | B22: 7340122 | C22: Thương mại điện tử
... A26: 16 | B26: 7480107 | C26: Trí tuệ nhân tạo

Sheet ULAW
A1: Đại học Luật TP.HCM (ULAW) | D1: ← Về Tổng quan
A2: Miền: | B2: Miền Nam
A3: Tỉnh/TP (mới): | B3: TP. Hồ Chí Minh
A4: Tỉnh/TP (cũ): | B4: TP. Hồ Chí Minh
A5: Trang chủ: | B5: https://hcmulaw.edu.vn/
A6: Trang tuyển sinh: | B6: https://tuyensinh.hcmulaw.edu.vn/
A7: Nguồn/ghi chú: | B7: Danh sách ngành chính quy tiêu biểu 2026. Nguồn: các trang tuyển sinh ULAW. Cập nhật 10/2026.
A10: STT | B10: Mã ngành | C10: Tên ngành (hệ chính quy)
A11: 1 | B11: 7380101 | C11: Luật
A12: 2 | B12: 7380107 | C12: Luật thương mại quốc tế / Luật kinh tế
A13: 3 | B13: 7340101 | C13: Quản trị kinh doanh
A14: 4 | B14: 7340102 | C14: Quản trị - Luật
A15: 5 | B15: 7220201 | C15: Ngôn ngữ Anh (tiếng Anh pháp lý)
A16: 6 | B16: 7220204 | C16: Ngôn ngữ Trung Quốc
A17: 7 | B17: 7310109 | C17: Kinh tế số
A18: 8 | B18: 7340120 | C18: Kinh doanh quốc tế
A19: 9 | B19: 7340122 | C19: Thương mại điện tử
A20: 10 | B20: 7340201 | C20: Tài chính - Ngân hàng
A21: 11 | B21: 7340205 | C21: Công nghệ tài chính

Sheet UAH
A1: Trường Đại học Kiến trúc TP.HCM (UAH) | D1: ← Về Tổng quan
A2: Miền: | B2: Miền Nam
A3: Tỉnh/TP (mới): | B3: TP. Hồ Chí Minh
A4: Tỉnh/TP (cũ): | B4: TP. Hồ Chí Minh
A5: Trang chủ: | B5: https://uah.edu.vn/
A6: Trang tuyển sinh: | B6: https://tuyensinh.uah.edu.vn/
A7: Nguồn/ghi chú: | B7: Danh sách ngành chính quy 2026. Nguồn: đề án tuyển sinh UAH. Cập nhật 10/2026.
A10: STT | B10: Mã ngành | C10: Tên ngành (hệ chính quy)
A11: 1 | B11: 7210110 | C11: Mỹ thuật đô thị
A12: 2 | B12: 7210402 | C12: Thiết kế công nghiệp
A13: 3 | B13: 7210403 | C13: Thiết kế đồ họa
A14: 4 | B14: 7210404 | C14: Thiết kế thời trang
A15: 5 | B15: 7580101 | C15: Kiến trúc
A16: 6 | B16: 7580102 | C16: Kiến trúc cảnh quan
A17: 7 | B17: 7580105 | C17: Quy hoạch vùng và đô thị

Sheet Mỹ thuật TP.HCM
A1: Trường Đại học Mỹ thuật TP.HCM | D1: ← Về Tổng quan
A2: Miền: | B2: Miền Nam
A3: Tỉnh/TP (mới): | B3: TP. Hồ Chí Minh
A4: Tỉnh/TP (cũ): | B4: TP. Hồ Chí Minh
A5: Trang chủ: | B5: https://hufa.edu.vn/
A6: Trang tuyển sinh: | B6: https://tuyensinh.hufa.edu.vn/
A7: Nguồn/ghi chú: | B7: Danh sách ngành chính quy 2026. Nguồn: thông tin tuyển sinh. Cập nhật 10/2026.
A10: STT | B10: Mã ngành | C10: Tên ngành (hệ chính quy)
A11: 1 | B11: 7210103 | C11: Hội họa
A12: 2 | B12: 7210104 | C12: Đồ họa
A13: 3 | B13: 7210105 | C13: Điêu khắc
A14: 4 | B14: 7210101 | C14: Lý luận, lịch sử và phê bình mỹ thuật
A15: 5 | B15: 7210403 | C15: Thiết kế đồ họa
A16: 6 | B16: 7140222 | C16: Sư phạm mỹ thuật

Sheet Văn hóa TP.HCM
A1: Trường Đại học Văn hóa TP.HCM | D1: ← Về Tổng quan
A2: Miền: | B2: Miền Nam
A3: Tỉnh/TP (mới): | B3: TP. Hồ Chí Minh
A4: Tỉnh/TP (cũ): | B4: TP. Hồ Chí Minh
A5: Trang chủ: | B5: https://hcmuc.edu.vn/
A6: Trang tuyển sinh: | B6: https://tuyensinh.hcmuc.edu.vn/
A7: Nguồn/ghi chú: | B7: Danh sách ngành chính quy tiêu biểu 2025-2026. Nguồn: các trang tuyển sinh. Cập nhật 10/2026.
A10: STT | B10: Mã ngành | C10: Tên ngành (hệ chính quy)
A11: 1 | B11: 7320201 | C11: Thông tin - Thư viện
A12: 2 | B12: 7320305 | C12: Bảo tàng học
A13: 3 | B13: 7810101 | C13: Du lịch
A14: 4 | B14: 7810103 | C14: Quản trị dịch vụ du lịch và lữ hành
A15: 5 | B15: 7320402 | C15: Kinh doanh xuất bản phẩm
A16: 6 | B16: 7229042 | C16: Quản lý văn hóa
A17: 7 | B17: 7229040 | C17: Văn hóa học
A18: 8 | B18: 7220112 | C18: Văn hóa các dân tộc thiểu số Việt Nam
A19: 9 | B19: 7229047 | C19: Di sản học

Sheet UMP
A1: Đại học Y Dược TP.HCM (UMP) | D1: ← Về Tổng quan
A2: Miền: | B2: Miền Nam
A3: Tỉnh/TP (mới): | B3: TP. Hồ Chí Minh
A4: Tỉnh/TP (cũ): | B4: TP. Hồ Chí Minh
A5: Trang chủ: | B5: https://ump.edu.vn/
A6: Trang tuyển sinh: | B6: https://tuyensinh.ump.edu.vn/
A7: Nguồn/ghi chú: | B7: Danh sách ngành chính quy 2026. Nguồn: các trang tuyển sinh UMP. Cập nhật 10/2026.
A10: STT | B10: Mã ngành | C10: Tên ngành (hệ chính quy)
A11: 1 | B11: 7720101 | C11: Y khoa
A12: 2 | B12: 7720110 | C12: Y học dự phòng
A13: 3 | B13: 7720115 | C13: Y học cổ truyền
A14: 4 | B14: 7720201 | C14: Dược học
A15: 5 | B15: 7720301 | C15: Điều dưỡng
A16: 6 | B16: 7720302 | C16: Hộ sinh
A17: 7 | B17: 7720401 | C17: Dinh dưỡng
A18: 8 | B18: 7720501 | C18: Răng – Hàm – Mặt
A19: 9 | B19: 7720502 | C19: Kỹ thuật phục hình răng
A20: 10 | B20: 7720601 | C20: Kỹ thuật Xét nghiệm Y học
A21: 11 | B21: 7720602 | C21: Kỹ thuật Hình ảnh Y học
A22: 12 | B22: 7720603 | C22: Kỹ thuật Phục hồi chức năng
... A24: 14 | B24: 7720203 | C24: Hóa dược

Sheet PNT
A1: Trường Đại học Y khoa Phạm Ngọc Thạch | D1: ← Về Tổng quan
A2: Miền: | B2: Miền Nam
A3: Tỉnh/TP (mới): | B3: TP. Hồ Chí Minh
A4: Tỉnh/TP (cũ): | B4: TP. Hồ Chí Minh
A5: Trang chủ: | B5: https://pnt.edu.vn/
A6: Trang tuyển sinh: | B6: https://tuyensinh.pnt.edu.vn/
A7: Nguồn/ghi chú: | B7: Danh sách ngành chính quy 2026. Nguồn: thông tin tuyển sinh PNT. Cập nhật 10/2026.
A10: STT | B10: Mã ngành | C10: Tên ngành (hệ chính quy)
A11: 1 | B11: 7720101 | C11: Y khoa
A12: 2 | B12: 7720115 | C12: Y học cổ truyền
A13: 3 | B13: 7720201 | C13: Dược học
A14: 4 | B14: 7720301 | C14: Điều dưỡng
A15: 5 | B15: 7720302 | C15: Hộ sinh
A16: 6 | B16: 7720401 | C16: Dinh dưỡng
A17: 7 | B17: 7720501 | C17: Răng Hàm Mặt
A18: 8 | B18: 7720601 | C18: Kỹ thuật xét nghiệm y học
A19: 9 | B19: 7720602 | C19: Kỹ thuật hình ảnh y học
A20: 10 | B20: 7720603 | C20: Kỹ thuật phục hồi chức năng
A21: 11 | B21: 7720609 | C21: Khúc xạ nhãn khoa
A22: 12 | B22: 7720610 | C22: Kỹ thuật gây mê hồi sức
... A24: 14 | B24: 7310401 | C24: Tâm lý học

Sheet NLU
A1: Trường Đại học Nông Lâm TP.HCM (NLU) | D1: ← Về Tổng quan
A2: Miền: | B2: Miền Nam
A3: Tỉnh/TP (mới): | B3: TP. Hồ Chí Minh
A4: Tỉnh/TP (cũ): | B4: TP. Hồ Chí Minh
A5: Trang chủ: | B5: https://hcmuaf.edu.vn/
A6: Trang tuyển sinh: | B6: https://tuyensinh.hcmuaf.edu.vn/
A7: Nguồn/ghi chú: | B7: Danh sách ngành chính quy tiêu biểu 2026. Nguồn: các trang tuyển sinh NLU. Cập nhật 10/2026.
A10: STT | B10: Mã ngành | C10: Tên ngành (hệ chính quy)
A11: 1 | B11: 7220201 | C11: Ngôn ngữ Anh
A12: 2 | B12: 7310101 | C12: Kinh tế
A13: 3 | B13: 7340101 | C13: Quản trị kinh doanh
A14: 4 | B14: 7340116 | C14: Bất động sản
A15: 5 | B15: 7340301 | C15: Kế toán
A16: 6 | B16: 7420201 | C16: Công nghệ sinh học
A17: 7 | B17: 7440301 | C17: Khoa học môi trường
A18: 8 | B18: 7480201 | C18: Công nghệ thông tin
A19: 9 | B19: 7510201 | C19: Công nghệ kỹ thuật cơ khí
A20: 10 | B20: 7510203 | C20: Công nghệ kỹ thuật cơ điện tử
A21: 11 | B21: 7510205 | C21: Công nghệ kỹ thuật ô tô
A22: 12 | B22: 7510401 | C22: Công nghệ kỹ thuật hoá học
... A25: 15 | B25: 7640101 | C25: Thú y

Sheet HCMUNRE
A1: Trường Đại học Tài nguyên và Môi trường TP.HCM | D1: ← Về Tổng quan
A2: Miền: | B2: Miền Nam
A3: Tỉnh/TP (mới): | B3: TP. Hồ Chí Minh
A4: Tỉnh/TP (cũ): | B4: TP. Hồ Chí Minh
A5: Trang chủ: | B5: https://hcmunre.edu.vn/
A6: Trang tuyển sinh: | B6: https://tuyensinh.hcmunre.edu.vn/
A7: Nguồn/ghi chú: | B7: Danh sách ngành chính quy tiêu biểu 2026. Nguồn: các trang tuyển sinh. Cập nhật 10/2026.
A10: STT | B10: Mã ngành | C10: Tên ngành (hệ chính quy)
A11: 1 | B11: 7340101 | C11: Quản trị kinh doanh
A12: 2 | B12: 7340116 | C12: Bất động sản
A13: 3 | B13: 7440201 | C13: Địa chất học
A14: 4 | B14: 7440221 | C14: Biến đổi khí hậu
A15: 5 | B15: 7440222 | C15: Khí tượng và Khí hậu học
A16: 6 | B16: 7440224 | C16: Thủy văn học
A17: 7 | B17: 7480104 | C17: Hệ thống thông tin
A18: 8 | B18: 7440301 | C18: Khoa học môi trường
A19: 9 | B19: 7520320 | C19: Kỹ thuật môi trường
A20: 10 | B20: 7850101 | C20: Quản lý tài nguyên và môi trường

Sheet HUTECH
A1: Trường Đại học Công nghệ TP.HCM (HUTECH) | D1: ← Về Tổng quan
A2: Miền: | B2: Miền Nam
A3: Tỉnh/TP (mới): | B3: TP. Hồ Chí Minh
A4: Tỉnh/TP (cũ): | B4: TP. Hồ Chí Minh
A5: Trang chủ: | B5: https://hutech.edu.vn/
A6: Trang tuyển sinh: | B6: https://tuyensinh.hutech.edu.vn/
A7: Nguồn/ghi chú: | B7: Danh sách ngành chính quy tiêu biểu 2025-2026. Nguồn: các trang tuyển sinh HUTECH. Cập nhật 10/2026.
A10: STT | B10: Mã ngành | C10: Tên ngành (hệ chính quy)
A11: 1 | B11: 7480202 | C11: An toàn thông tin
A12: 2 | B12: 7510205 | C12: Công nghệ kỹ thuật ô tô
A13: 3 | B13: 7420201 | C13: Công nghệ sinh học
A14: 4 | B14: 7480201 | C14: Công nghệ thông tin
A15: 5 | B15: 7540101 | C15: Công nghệ thực phẩm
A16: 6 | B16: 7720201 | C16: Dược học
A17: 7 | B17: 7720301 | C17: Điều dưỡng
A18: 8 | B18: 7340301 | C18: Kế toán
A19: 9 | B19: 7580101 | C19: Kiến trúc
A20: 10 | B20: 7340120 | C20: Kinh doanh quốc tế
A21: 11 | B21: 7520114 | C21: Kỹ thuật cơ điện tử
A22: 12 | B22: 7520103 | C22: Kỹ thuật cơ khí
... A33: 23 | B33: 7340122 | C33: Thương mại điện tử

Sheet UEF
A1: Trường Đại học Kinh tế - Tài chính TP.HCM (UEF) | D1: ← Về Tổng quan
A2: Miền: | B2: Miền Nam
A3: Tỉnh/TP (mới): | B3: TP. Hồ Chí Minh
A4: Tỉnh/TP (cũ): | B4: TP. Hồ Chí Minh
A5: Trang chủ: | B5: https://uef.edu.vn/
A6: Trang tuyển sinh: | B6: https://tuyensinh.uef.edu.vn/
A7: Nguồn/ghi chú: | B7: Danh sách ngành chính quy tiêu biểu 2025-2026. Nguồn: các trang tuyển sinh UEF. Cập nhật 10/2026.
A10: STT | B10: Mã ngành | C10: Tên ngành (hệ chính quy)
A11: 1 | B11: 7340101 | C11: Quản trị kinh doanh
A12: 2 | B12: 7340120 | C12: Kinh doanh quốc tế
A13: 3 | B13: 7340121 | C13: Kinh doanh thương mại
A14: 4 | B14: 7340115 | C14: Marketing
A15: 5 | B15: 7380107 | C15: Luật kinh tế
A16: 6 | B16: 7380101 | C16: Luật
A17: 7 | B17: 7340404 | C17: Quản trị nhân lực
A18: 8 | B18: 7810201 | C18: Quản trị khách sạn
A19: 9 | B19: 7810103 | C19: Quản trị dịch vụ du lịch và lữ hành
A20: 10 | B20: 7510605 | C20: Logistics và quản lý chuỗi cung ứng
A21: 11 | B21: 7340122 | C21: Thương mại điện tử
A22: 12 | B22: 7340201 | C22: Tài chính - ngân hàng
... A29: 19 | B29: 7220201 | C29: Ngôn ngữ Anh

Sheet Hoa Sen
A1: Trường Đại học Hoa Sen | D1: ← Về Tổng quan
A2: Miền: | B2: Miền Nam
A3: Tỉnh/TP (mới): | B3: TP. Hồ Chí Minh
A4: Tỉnh/TP (cũ): | B4: TP. Hồ Chí Minh
A5: Trang chủ: | B5: https://hoasen.edu.vn/
A6: Trang tuyển sinh: | B6: https://tuyensinh.hoasen.edu.vn/
A7: Nguồn/ghi chú: | B7: Danh sách ngành chính quy tiêu biểu 2025. Nguồn: tổng hợp. Cập nhật 10/2026.
A10: STT | B10: Mã ngành | C10: Tên ngành (hệ chính quy)
A11: 1 | B11: 7340101 | C11: Quản trị kinh doanh
A12: 2 | B12: 7340115 | C12: Marketing
A13: 3 | B13: 7340120 | C13: Kinh doanh quốc tế
A14: 4 | B14: 7340201 | C14: Tài chính - Ngân hàng
A15: 5 | B15: 7340301 | C15: Kế toán
A16: 6 | B16: 7480201 | C16: Công nghệ thông tin
A17: 7 | B17: 7220201 | C17: Ngôn ngữ Anh
A18: 8 | B18: 7810103 | C18: Quản trị dịch vụ du lịch và lữ hành
A19: 9 | B19: 7810201 | C19: Quản trị khách sạn
A20: 10 | B20: 7380101 | C20: Luật
A21: 11 | B21: 7210403 | C21: Thiết kế đồ họa
A22: 12 | B22: 7510605 | C22: Logistics và quản lý chuỗi cung ứng

Sheet NTT
A1: Trường Đại học Nguyễn Tất Thành | D1: ← Về Tổng quan
A2: Miền: | B2: Miền Nam
A3: Tỉnh/TP (mới): | B3: TP. Hồ Chí Minh
A4: Tỉnh/TP (cũ): | B4: TP. Hồ Chí Minh
A5: Trang chủ: | B5: https://ntt.edu.vn/
A6: Trang tuyển sinh: | B6: https://tuyensinh.ntt.edu.vn/
A7: Nguồn/ghi chú: | B7: Danh sách ngành chính quy tiêu biểu 2025-2026. Nguồn: các trang tuyển sinh NTT. Cập nhật 10/2026.
A10: STT | B10: Mã ngành | C10: Tên ngành (hệ chính quy)
A11: 1 | B11: 7420201 | C11: Công nghệ sinh học
A12: 2 | B12: 7480103 | C12: Kỹ thuật phần mềm
A13: 3 | B13: 7480201 | C13: Công nghệ thông tin
A14: 4 | B14: 7480101 | C14: Khoa học máy tính
A15: 5 | B15: 7480107 | C15: Trí tuệ nhân tạo
A16: 6 | B16: 7510301 | C16: Công nghệ kỹ thuật điện, điện tử
A17: 7 | B17: 7510203 | C17: Công nghệ kỹ thuật cơ điện tử
A18: 8 | B18: 7520103 | C18: Kỹ thuật cơ khí
A19: 9 | B19: 7340101 | C19: Quản trị kinh doanh
A20: 10 | B20: 7720101 | C20: Y khoa
A21: 11 | B21: 7210403 | C21: Thiết kế đồ họa

Sheet Văn Lang
A1: Trường Đại học Văn Lang | D1: ← Về Tổng quan
A2: Miền: | B2: Miền Nam
A3: Tỉnh/TP (mới): | B3: TP. Hồ Chí Minh
A4: Tỉnh/TP (cũ): | B4: TP. Hồ Chí Minh
A5: Trang chủ: | B5: https://vanlanguni.edu.vn/
A6: Trang tuyển sinh: | B6: https://tuyensinh.vanlanguni.edu.vn/
A7: Nguồn/ghi chú: | B7: Danh sách ngành chính quy tiêu biểu 2026. Nguồn: các trang tuyển sinh. Cập nhật 10/2026.
A10: STT | B10: Mã ngành | C10: Tên ngành (hệ chính quy)
A11: 1 | B11: 7210205 | C11: Thanh nhạc
A12: 2 | B12: 7210403 | C12: Thiết kế đồ họa
A13: 3 | B13: 7210404 | C13: Thiết kế thời trang
A14: 4 | B14: 7220201 | C14: Ngôn ngữ Anh
A15: 5 | B15: 7220204 | C15: Ngôn ngữ Trung Quốc
A16: 6 | B16: 7310401 | C16: Tâm lý học
A17: 7 | B17: 7340101 | C17: Quản trị kinh doanh
A18: 8 | B18: 7340115 | C18: Marketing
A19: 9 | B19: 7340120 | C19: Kinh doanh quốc tế
A20: 10 | B20: 7340122 | C20: Thương mại điện tử
A21: 11 | B21: 7340201 | C21: Tài chính - Ngân hàng
A22: 12 | B22: 7340301 | C22: Kế toán
... A24: 14 | B24: 7480201 | C24: Công nghệ thông tin

Sheet VGU
A1: Trường Đại học Việt - Đức (VGU) | D1: ← Về Tổng quan
A2: Miền: | B2: Miền Nam
A3: Tỉnh/TP (mới): | B3: TP. Hồ Chí Minh
A4: Tỉnh/TP (cũ): | B4: Bình Dương
A5: Trang chủ: | B5: https://vgu.edu.vn/
A6: Trang tuyển sinh: | B6: https://tuyensinh.vgu.edu.vn/
A7: Nguồn/ghi chú: | B7: Danh sách ngành chính quy 2026. Nguồn: các trang tuyển sinh VGU. Cập nhật 10/2026.
A10: STT | B10: Mã ngành | C10: Tên ngành (hệ chính quy)
A11: 1 | B11: 7340101 | C11: Quản trị kinh doanh (BBA)
A12: 2 | B12: 7340202 | C12: Tài chính và Kế toán (BFA)
A13: 3 | B13: 7480101 | C13: Khoa học máy tính (CSE)
A14: 4 | B14: 7510104 | C14: Kỹ thuật Giao thông thông minh (SME)
A15: 5 | B15: 7510206 | C15: Kỹ thuật quy trình và môi trường (EPE)
A16: 6 | B16: 7520103 | C16: Kỹ thuật cơ khí (MEN)
A17: 7 | B17: 7520208 | C17: Kỹ thuật điện và máy tính (ECE)
A18: 8 | B18: 7580101 | C18: Kiến trúc (ARC)
A19: 9 | B19: 7580201 | C19: Kỹ thuật và quản lý xây dựng (BCE)

Sheet Thủ Dầu Một
A1: Trường Đại học Thủ Dầu Một | D1: ← Về Tổng quan
A2: Miền: | B2: Miền Nam
A3: Tỉnh/TP (mới): | B3: TP. Hồ Chí Minh
A4: Tỉnh/TP (cũ): | B4: Bình Dương
A5: Trang chủ: | B5: https://tdmu.edu.vn/
A6: Trang tuyển sinh: | B6: https://tuyensinh.tdmu.edu.vn/
A7: Nguồn/ghi chú: | B7: Danh sách ngành chính quy tiêu biểu 2026. Nguồn: thông tin tuyển sinh. Cập nhật 10/2026.
A10: STT | B10: Mã ngành | C10: Tên ngành (hệ chính quy)
A11: 1 | B11: 7420201 | C11: Công nghệ sinh học
A12: 2 | B12: 7440112 | C12: Hóa học
A13: 3 | B13: 7440102 | C13: Vật lý học
A14: 4 | B14: 7460101 | C14: Toán học
A15: 5 | B15: 7480103 | C15: Kỹ thuật phần mềm
A16: 6 | B16: 7480201 | C16: Công nghệ thông tin
A17: 7 | B17: 7480107 | C17: Trí tuệ nhân tạo
A18: 8 | B18: 7460108 | C18: Khoa học dữ liệu
A19: 9 | B19: 7520103 | C19: Kỹ thuật cơ khí
A20: 10 | B20: 7520114 | C20: Kỹ thuật cơ điện tử
A21: 11 | B21: 7520201 | C21: Kỹ thuật điện
A22: 12 | B22: 7520216 | C22: Kỹ thuật điều khiển và tự động hóa
... A24: 14 | B24: 7580201 | C24: Kỹ thuật xây dựng

Sheet SQ Công binh
A1: Trường Sĩ quan Công binh | D1: ← Về Tổng quan
A2: Miền: | B2: Miền Nam
A3: Tỉnh/TP (mới): | B3: TP. Hồ Chí Minh
A4: Tỉnh/TP (cũ): | B4: Bình Dương
A5: Trang chủ: | B5: https://truongcongbinh.edu.vn/
A6: Trang tuyển sinh: | B6: Trang tuyển sinh quân sự
A7: Nguồn/ghi chú: | B7: Danh sách ngành chính quy (tổng hợp). Cập nhật 10/2026.
A10: STT | B10: Mã ngành | C10: Tên ngành (hệ chính quy)
A11: 1 | B11: 7860103 | C11: Chỉ huy - Tham mưu Công binh

Sheet ĐH An ninh ND
A1: Trường Đại học An ninh nhân dân | D1: ← Về Tổng quan
A2: Miền: | B2: Miền Nam
A3: Tỉnh/TP (mới): | B3: TP. Hồ Chí Minh
A4: Tỉnh/TP (cũ): | B4: TP. Hồ Chí Minh
A5: Trang chủ: | B5: https://dhanninh.edu.vn/
A6: Trang tuyển sinh: | B6: https://tuyensinh.dhanninh.edu.vn/
A7: Nguồn/ghi chú: | B7: Danh sách ngành chính quy (tổng hợp). Cập nhật 10/2026.
A10: STT | B10: Mã ngành | C10: Tên ngành (hệ chính quy)
A11: 1 | B11: 7860201 | C11: An ninh / Trinh sát

Sheet ĐH Cảnh sát ND
A1: Trường Đại học Cảnh sát nhân dân | D1: ← Về Tổng quan
A2: Miền: | B2: Miền Nam
A3: Tỉnh/TP (mới): | B3: TP. Hồ Chí Minh
A4: Tỉnh/TP (cũ): | B4: TP. Hồ Chí Minh
A5: Trang chủ: | B5: https://dhcsnd.edu.vn/
A6: Trang tuyển sinh: | B6: https://tuyensinh.dhcsnd.edu.vn/
A7: Nguồn/ghi chú: | B7: Danh sách ngành chính quy (tổng hợp). Cập nhật 10/2026.
A10: STT | B10: Mã ngành | C10: Tên ngành (hệ chính quy)
A11: 1 | B11: 7860204 | C11: Cảnh sát / Trật tự

Sheet Lạc Hồng
A1: Trường Đại học Lạc Hồng | D1: ← Về Tổng quan
A2: Miền: | B2: Miền Nam
A3: Tỉnh/TP (mới): | B3: Đồng Nai
A4: Tỉnh/TP (cũ): | B4: Đồng Nai
A5: Trang chủ: | B5: https://lhu.edu.vn/
A6: Trang tuyển sinh: | B6: https://tuyensinh.lhu.edu.vn/
A7: Nguồn/ghi chú: | B7: Danh sách ngành chính quy (tổng hợp). Cập nhật 10/2026.
A10: STT | B10: Mã ngành | C10: Tên ngành (hệ chính quy)
A11: 1 | B11: 7480201 | C11: Công nghệ thông tin
A12: 2 | B12: 7340101 | C12: Quản trị kinh doanh
A13: 3 | B13: 7340301 | C13: Kế toán
A14: 4 | B14: 7220201 | C14: Ngôn ngữ Anh
A15: 5 | B15: 7510205 | C15: Công nghệ kỹ thuật ô tô

Sheet SQ Lục quân 2
A1: Trường Sĩ quan Lục quân 2 (Đại học Nguyễn Huệ) | D1: ← Về Tổng quan
A2: Miền: | B2: Miền Nam
A3: Tỉnh/TP (mới): | B3: Đồng Nai
A4: Tỉnh/TP (cũ): | B4: Đồng Nai
A5: Trang chủ: | B5: https://daihocnguyenHue.edu.vn/
A6: Trang tuyển sinh: | B6: Trang tuyển sinh quân sự
A7: Nguồn/ghi chú: | B7: Danh sách ngành chính quy (tổng hợp). Cập nhật 10/2026.
A10: STT | B10: Mã ngành | C10: Tên ngành (hệ chính quy)
A11: 1 | B11: 7860100 | C11: Chỉ huy - Tham mưu Lục quân

Sheet CTU
A1: Trường Đại học Cần Thơ (CTU) | D1: ← Về Tổng quan
A2: Miền: | B2: Miền Nam
A3: Tỉnh/TP (mới): | B3: Cần Thơ
A4: Tỉnh/TP (cũ): | B4: Cần Thơ
A5: Trang chủ: | B5: https://ctu.edu.vn/
A6: Trang tuyển sinh: | B6: https://tuyensinh.ctu.edu.vn/
A7: Nguồn/ghi chú: | B7: Danh sách ngành chính quy (tổng hợp). Cập nhật 10/2026.
A10: STT | B10: Mã ngành | C10: Tên ngành (hệ chính quy)
A11: 1 | B11: 7480201 | C11: Công nghệ thông tin
A12: 2 | B12: 7340101 | C12: Quản trị kinh doanh
A13: 3 | B13: 7420201 | C13: Công nghệ sinh học
A14: 4 | B14: 7540101 | C14: Công nghệ thực phẩm
A15: 5 | B15: 7620301 | C15: Nuôi trồng thủy sản
A16: 6 | B16: 7220201 | C16: Ngôn ngữ Anh
A17: 7 | B17: 7720101 | C17: Y khoa

Sheet SQ KT Quân sự
A1: Trường Sĩ quan Kỹ thuật Quân sự (Đại học Trần Đại Nghĩa) | D1: ← Về Tổng quan
A2: Miền: | B2: Chưa xác định
A3: Tỉnh/TP (mới): | B3: Chưa xác định
A4: Tỉnh/TP (cũ): | B4: Chưa xác định
A5: Trang chủ: | B5: https://trandainghia.edu.vn/
A6: Trang tuyển sinh: | B6: Trang tuyển sinh quân sự
A7: Nguồn/ghi chú: | B7: Danh sách ngành chính quy (tổng hợp). Cập nhật 10/2026.
A10: STT | B10: Mã ngành | C10: Tên ngành (hệ chính quy)
A11: 1 | B11: 7520100 | C11: Kỹ thuật quân sự

Sheet HV Quốc tế (AIS)
A1: Học viện Quốc tế (AIS) | D1: ← Về Tổng quan
A2: Miền: | B2: Chưa xác định
A3: Tỉnh/TP (mới): | B3: Chưa xác định
A4: Tỉnh/TP (cũ): | B4: Chưa xác định
A5: Trang chủ: | B5: https://ais.edu.vn/
A6: Trang tuyển sinh: | B6: https://tuyensinh.ais.edu.vn/
A7: Nguồn/ghi chú: | B7: Danh sách ngành chính quy (tổng hợp). Cập nhật 10/2026.
A10: STT | B10: Mã ngành | C10: Tên ngành (hệ chính quy)
A11: 1 | B11: 7220201 | C11: Ngôn ngữ Anh
A12: 2 | B12: 7340101 | C12: Quản trị kinh doanh
A13: 3 | B13: 7310601 | C13: Quốc tế học
